Location,Avg Price,Latitude,Longitude,Profile Score,Profile
"ABERDARE, POWYS",292083,51.716154,-3.451816,2.3333333333333335,TDL
"ABERDARE, RHONDDA CYNON TAFF",128941,51.716154,-3.451816,2.3333333333333335,TDL
"ABERGAVENNY, BLAENAU GWENT",260000,51.7714428,-3.2458735,2.0,TMLA
"ABERGAVENNY, CARDIFF",180000,51.8220025,-3.0198044,3.0,WMA
"ABERGAVENNY, MONMOUTHSHIRE",236046,51.825366,-3.019423,3.0,WMA
"ABERGELE, CONWY",154486,53.284355,-3.581405,3.0,T
"ABERGELE, DENBIGHSHIRE",212550,53.284355,-3.581405,3.0,T
"ABERYSTWYTH, CEREDIGION",197828,52.41530299999999,-4.08292,2.3333333333333335,TML
"ABINGDON, BEDFORD",324950,52.1386394,-0.4667782,2.2,STMLA
"ABINGDON, OXFORDSHIRE",344658,51.67078,-1.2879529,5.0,W
"ACCRINGTON, BLACKBURN WITH DARWEN",115250,53.753609,-2.37218,1.6666666666666667,DLA
"ACCRINGTON, LANCASHIRE",124546,53.753609,-2.37218,1.6666666666666667,DLA
"ADDLESTONE, SURREY",355816,51.369813,-0.488641,2.6,WSMLA
"ALCESTER, WARWICKSHIRE",262013,52.215311,-1.867605,5.0,W
"ALCESTER, WORCESTERSHIRE",368235,52.215311,-1.867605,5.0,W
"ALDERLEY EDGE, CHESHIRE EAST",422503,53.301554,-2.237216,3.6666666666666665,WSM
"ALDERSHOT, HAMPSHIRE",240701,51.248366,-0.7557509,2.5,STML
"ALDERSHOT, SURREY",305148,51.248366,-0.7557509,2.5,STML
"ALFRETON, DERBYSHIRE",148135,53.09744999999999,-1.382256,1.6666666666666667,TLA
"ALFRETON, NOTTINGHAMSHIRE",96583,53.1006899,-1.3698512,1.6666666666666667,TLA
"ALNWICK, NORTHUMBERLAND",216290,55.412744,-1.706299,2.0,SMLA
"ALTON, HAMPSHIRE",363756,51.150719,-0.973177,3.0,WSA
"ALTRINCHAM, CHESHIRE EAST",449859,53.38690459999999,-2.3488983,3.0,WSDA
"ALTRINCHAM, GREATER MANCHESTER",329720,53.38690459999999,-2.3488983,3.0,WSDA
"AMERSHAM, BUCKINGHAMSHIRE",484777,51.6755179,-0.6072409999999999,3.0,T
"AMMANFORD, CARMARTHENSHIRE",138778,51.792888,-3.988459,2.0,TL
"AMMANFORD, NEATH PORT TALBOT",103161,51.7956806,-3.996750199999999,2.0,TL
"AMMANFORD, SWANSEA",148333,51.62144,-3.943645999999999,2.2,STMLA
"ANDOVER, HAMPSHIRE",265608,51.2111975,-1.4919233,2.6666666666666665,WSTDLA
"ANDOVER, SOUTHAMPTON",238000,50.9120624,-1.4218703,2.6666666666666665,WSTDLA
"ANDOVER, WILTSHIRE",224367,51.2090925,-1.5215517,2.6666666666666665,WSTDLA
"ASCOT, BRACKNELL FOREST",407860,51.4062365,-0.6755624,3.0,T
"ASCOT, SURREY",559735,51.4062365,-0.6755624,3.0,T
"ASCOT, WINDSOR AND MAIDENHEAD",513034,51.4062365,-0.6755624,3.0,T
"ASHBOURNE, DERBYSHIRE",287197,53.016626,-1.732179,3.0,WSA
"ASHBOURNE, STAFFORDSHIRE",261192,53.016626,-1.732179,3.0,WSA
"ASHBY-DE-LA-ZOUCH, DERBYSHIRE",516000,52.749212,-1.468618,2.0,TA
"ASHBY-DE-LA-ZOUCH, LEICESTER",190000,52.749212,-1.468618,2.0,TA
"ASHBY-DE-LA-ZOUCH, LEICESTERSHIRE",253794,52.749212,-1.468618,2.0,TA
"ASHFORD, EAST SUSSEX",125000,51.1464659,0.875019,3.0,WSTDL
"ASHFORD, GREATER LONDON",363333,51.4274516,-0.4552643,5.0,W
"ASHFORD, KENT",263171,51.1464659,0.875019,3.0,WSTDL
"ASHFORD, SURREY",341632,51.4274516,-0.4552643,5.0,W
"ASHINGTON, NORTHUMBERLAND",132118,55.182978,-1.5659829,1.6666666666666667,DLA
"ASHTEAD, SURREY",533082,51.31068399999999,-0.296968,3.0,WSTL
"ASHTON-UNDER-LYNE, GREATER MANCHESTER",131997,53.4876815,-2.0961077,2.3333333333333335,STDMLA
"ATHERSTONE, LEICESTERSHIRE",330498,52.576614,-1.543763,1.0,A
"ATHERSTONE, WARWICKSHIRE",183148,52.576614,-1.543763,1.0,A
"ATTLEBOROUGH, NORFOLK",234486,52.518064,1.015527,2.0,SL
"AXMINSTER, DEVON",259643,50.78272699999999,-2.994937,3.0,T
"AYLESBURY, BUCKINGHAMSHIRE",300793,51.815606,-0.8084,2.7142857142857144,WSTDMLA
"AYLESBURY, MILTON KEYNES",363750,52.0606843,-0.8124359,2.0,TDLA
"AYLESBURY, OXFORDSHIRE",380875,51.815606,-0.8084,2.7142857142857144,WSTDMLA
"AYLESFORD, KENT",284320,51.304309,0.47806,3.0,WSMA
"AYLESFORD, MEDWAY",153000,51.304309,0.47806,3.0,WSMA
"BACUP, LANCASHIRE",140560,53.707167,-2.201259,3.0,M
"BACUP, WEST YORKSHIRE",152000,53.707167,-2.201259,3.0,M
"BAGILLT, FLINTSHIRE",126225,53.267912,-3.174352,2.5,STDL
"BAGSHOT, SURREY",348539,51.360343,-0.697894,5.0,W
"BAKEWELL, DERBYSHIRE",331813,53.215207,-1.676171,1.0,A
"BALDOCK, CAMBRIDGESHIRE",576666,51.9895039,-0.189128,2.0,SMLA
"BALDOCK, HERTFORDSHIRE",309745,51.9895039,-0.189128,2.0,SMLA
"BANBURY, NORTHAMPTONSHIRE",334770,52.0629009,-1.339775,3.0,WSMA
"BANBURY, OXFORDSHIRE",269962,52.0629009,-1.339775,3.0,WSMA
"BANGOR, GWYNEDD",165083,53.22739,-4.129263,2.6,WDMLA
"BANGOR, TORFAEN",241995,53.22739,-4.129263,2.6,WDMLA
"BANSTEAD, GREATER LONDON",827502,51.3221909,-0.205046,4.0,WD
"BANSTEAD, SURREY",458353,51.3221909,-0.205046,4.0,WD
"BARGOED, CAERPHILLY",105371,51.684912,-3.229699,2.3333333333333335,DMA
"BARGOED, CARDIFF",65000,51.4683539,-3.1807953,2.3333333333333335,STDMLA
"BARKING, GREATER LONDON",253095,51.536563,0.075766,2.6,STDML
"BARNARD CASTLE, COUNTY DURHAM",188854,54.545284,-1.923741,3.0,M
"BARNET, GREATER LONDON",455829,51.6049673,-0.2076295,3.0,WSTA
"BARNET, HERTFORDSHIRE",867000,51.6569225,-0.1949252,3.0,WSA
"BARNSLEY, HERTFORDSHIRE",527500,53.55263,-1.479726,2.2,TDMLA
"BARNSLEY, SOUTH YORKSHIRE",133308,53.55263,-1.479726,2.2,TDMLA
"BARNSLEY, WEST YORKSHIRE",163731,53.55263,-1.479726,2.2,TDMLA
"BARNSTAPLE, DEVON",226455,51.0781599,-4.058338,2.5,STDL
"BARROW-IN-FURNESS, CUMBRIA",137647,54.108967,-3.218894,2.3333333333333335,DMA
"BARRY, CARDIFF",110475,51.3997529,-3.2825859,2.5,TDML
"BARRY, NEWPORT",229995,51.3997529,-3.2825859,2.5,TDML
"BARRY, THE VALE OF GLAMORGAN",164892,51.3997529,-3.2825859,2.5,TDML
"BARTON-UPON-HUMBER, NORTH LINCOLNSHIRE",144602,53.686675,-0.443368,2.0,TL
"BASILDON, ESSEX",222872,51.57608399999999,0.488736,2.0,SDLA
"BASILDON, THURROCK",427142,51.5582929,0.4514304,2.3333333333333335,DML
"BASINGSTOKE, HAMPSHIRE",266731,51.26654,-1.0923964,2.7142857142857144,WSTDMLA
"BATH, BATH AND NORTH EAST SOMERSET",349396,51.3810641,-2.3590167,3.0,WSML
"BATH, SOMERSET",458264,51.3810641,-2.3590167,3.0,WSML
"BATH, SOUTH GLOUCESTERSHIRE",315000,51.4576114,-2.507493,2.2,SDMLA
"BATH, WILTSHIRE",417096,51.3810641,-2.3590167,3.0,WSML
"BATLEY, WEST YORKSHIRE",142359,53.717028,-1.635083,2.2,SDMLA
"BEACONSFIELD, BUCKINGHAMSHIRE",596697,51.602396,-0.6442409,3.6666666666666665,WST
"BECCLES, NORFOLK",277298,52.459333,1.566053,2.0,ML
"BECCLES, SUFFOLK",226628,52.459333,1.566053,2.0,ML
"BECKENHAM, GREATER LONDON",435719,51.40817,-0.025813,2.6,WSTLA
"BEDFORD, BEDFORD",253972,52.1386394,-0.4667782,2.2,STMLA
"BEDFORD, CENTRAL BEDFORDSHIRE",311577,52.0029744,-0.4651388999999999,4.0,WT
"BEDFORD, LUTON",217487,51.8786707,-0.4200255,2.0,SDLA
"BEDFORD, MILTON KEYNES",462650,52.0406224,-0.7594171,2.6666666666666665,WSDMLA
"BEDLINGTON, NORTHUMBERLAND",146584,55.131664,-1.599454,2.5,TDML
"BEDWORTH, WARWICKSHIRE",153436,52.481392,-1.468869,1.0,A
"BELPER, CITY OF DERBY",160000,53.0243899,-1.477616,2.0,MA
"BELPER, DERBYSHIRE",208655,53.0243899,-1.477616,2.0,MA
"BELVEDERE, GREATER LONDON",232614,51.48516499999999,0.14827,2.5,SDML
"BENFLEET, ESSEX",296544,51.54612299999999,0.567411,1.6666666666666667,MLA
"BENFLEET, SOUTHEND-ON-SEA",335000,51.56616709999999,0.5792811999999999,2.0,SMLA
"BERKHAMSTED, BUCKINGHAMSHIRE",410866,51.75976600000001,-0.5678569000000001,5.0,W
"BERKHAMSTED, CENTRAL BEDFORDSHIRE",620000,51.75976600000001,-0.5678569000000001,5.0,W
"BERKHAMSTED, HERTFORDSHIRE",491088,51.75976600000001,-0.5678569000000001,5.0,W
"BERWICK-UPON-TWEED, NORTHUMBERLAND",180064,55.770242,-2.005395,2.5,TDMA
"BEVERLEY, CITY OF KINGSTON UPON HULL",339950,53.841963,-0.435093,2.2,TDMLA
"BEVERLEY, EAST RIDING OF YORKSHIRE",209666,53.841963,-0.435093,2.2,TDMLA
"BEXHILL-ON-SEA, EAST SUSSEX",233982,50.8499062,0.4662071,2.0,STLA
"BEXLEY, GREATER LONDON",401022,51.4519021,0.1171786,2.6,STDML
"BEXLEY, KENT",368497,51.439933,0.154327,2.0,SDLA
"BEXLEYHEATH, GREATER LONDON",323333,51.45334099999999,0.13822,2.3333333333333335,STDMLA
"BICESTER, BUCKINGHAMSHIRE",404804,51.899603,-1.1535899,2.0,STLA
"BICESTER, OXFORDSHIRE",311802,51.899603,-1.1535899,2.0,STLA
"BIDEFORD, DEVON",220647,51.016684,-4.206666,2.2,TDMLA
"BIGGLESWADE, BEDFORD",270500,52.086938,-0.26422,2.3333333333333335,SDA
"BIGGLESWADE, CENTRAL BEDFORDSHIRE",257463,52.086938,-0.26422,2.3333333333333335,SDA
"BILLERICAY, ESSEX",384542,51.627903,0.418397,5.0,W
"BILLINGHAM, COUNTY DURHAM",119000,54.612537,-1.290961,3.0,TD
"BILLINGHAM, HARTLEPOOL",362630,54.612537,-1.290961,3.0,TD
"BILLINGHAM, STOCKTON-ON-TEES",157442,54.612537,-1.290961,3.0,TD
"BILSTON, WEST MIDLANDS",121429,52.56559499999999,-2.074088,2.3333333333333335,STDMLA
"BINGLEY, WEST YORKSHIRE",189152,53.847389,-1.833781,1.0,LA
"BIRKENHEAD, MERSEYSIDE",121361,53.38999099999999,-3.023009,2.2,STDLA
"BIRMINGHAM, WARWICKSHIRE",225339,52.48624299999999,-1.890401,2.3333333333333335,STDMLA
"BIRMINGHAM, WEST MIDLANDS",165647,52.48624299999999,-1.890401,2.3333333333333335,STDMLA
"BIRMINGHAM, WORCESTERSHIRE",298184,52.395423,-1.876519,2.0,SA
"BISHOP AUCKLAND, COUNTY DURHAM",151547,54.663822,-1.678788,2.2,SDMLA
"BISHOP AUCKLAND, DARLINGTON",102000,54.663822,-1.678788,2.2,SDMLA
"BISHOP'S STORTFORD, ESSEX",425982,51.8721635,0.1536502,3.0,WSTA
"BISHOP'S STORTFORD, HERTFORDSHIRE",345386,51.8721635,0.1536502,3.0,WSTA
"BLACKBURN, BLACKBURN WITH DARWEN",130887,53.748575,-2.487529,2.2,TDMLA
"BLACKBURN, BLACKPOOL",70000,53.748575,-2.487529,2.2,TDMLA
"BLACKBURN, LANCASHIRE",183770,53.748575,-2.487529,2.2,TDMLA
"BLACKPOOL, BLACKPOOL",119812,53.8175053,-3.0356748,2.0,SDLA
"BLACKPOOL, LANCASHIRE",208687,53.8175053,-3.0356748,2.0,SDLA
"BLACKWOOD, CAERPHILLY",135059,51.668935,-3.195787,2.5,SDMA
"BLACKWOOD, NEWPORT",120000,51.668935,-3.195787,2.5,SDMA
"BLANDFORD FORUM, DORSET",277325,50.856908,-2.165353,2.3333333333333335,TML
"BLAYDON-ON-TYNE, TYNE AND WEAR",144759,54.96122339999999,-1.7181963,2.0,DMLA
"BLYTH, NORTHUMBERLAND",138589,55.126957,-1.510277,2.0,DMLA
"BODMIN, CORNWALL",218659,50.4714961,-4.7188629,2.2,SDMLA
"BOGNOR REGIS, WEST SUSSEX",253204,50.782998,-0.673061,2.5,STML
"BOLDON COLLIERY, TYNE AND WEAR",151026,54.950456,-1.469053,2.5,TDML
"BOLTON, BLACKBURN WITH DARWEN",300700,53.695451,-2.46874,2.3333333333333335,SDL
"BOLTON, GREATER MANCHESTER",150238,53.57686469999999,-2.4282192,2.2,SDMLA
"BOLTON, LANCASHIRE",344274,53.57686469999999,-2.4282192,2.2,SDMLA
"BOOTLE, MERSEYSIDE",113453,53.44325500000001,-2.998895,2.3333333333333335,STDMLA
"BORDON, HAMPSHIRE",307366,51.115613,-0.861611,2.0,TL
"BOREHAMWOOD, HERTFORDSHIRE",371114,51.657728,-0.272308,2.5,WMLA
"BOSTON, LINCOLNSHIRE",155471,52.97893999999999,-0.026577,2.0,TDLA
"BOURNE END, BUCKINGHAMSHIRE",453625,51.5765108,-0.7100694,3.0,T
"BOURNE END, WINDSOR AND MAIDENHEAD",920000,51.5770985,-0.7104815,3.0,T
"BOURNE, LINCOLNSHIRE",194888,52.76859899999999,-0.378462,2.3333333333333335,STL
"BOURNEMOUTH, BOURNEMOUTH",243865,50.719164,-1.880769,2.6666666666666665,WSTDLA
"BOURNEMOUTH, POOLE",254912,50.71505,-1.987248,2.0,SDLA
"BRACKLEY, BUCKINGHAMSHIRE",325303,52.027411,-1.143152,4.0,WT
"BRACKLEY, NORTHAMPTONSHIRE",286183,52.027411,-1.143152,4.0,WT
"BRACKLEY, OXFORDSHIRE",506210,52.027411,-1.143152,4.0,WT
"BRACKNELL, BRACKNELL FOREST",322690,51.41604,-0.75398,3.0,WSTMA
"BRACKNELL, WEST BERKSHIRE",283950,51.41604,-0.75398,3.0,WSTMA
"BRACKNELL, WINDSOR AND MAIDENHEAD",365737,51.41604,-0.75398,3.0,WSTMA
"BRACKNELL, WOKINGHAM",525000,51.41604,-0.75398,3.0,WSTMA
"BRADFORD, WEST YORKSHIRE",134585,53.795984,-1.759398,2.2,TDMLA
"BRADFORD-ON-AVON, WILTSHIRE",329887,51.345178,-2.2525019,2.0,SL
"BRAINTREE, ESSEX",261096,51.880087,0.5509269,2.5,STML
"BRANDON, NORFOLK",165718,52.446542,0.622533,1.0,A
"BRANDON, SUFFOLK",155214,52.446542,0.622533,1.0,A
"BRAUNTON, DEVON",294960,51.10803900000001,-4.161014,3.0,T
"BRAUNTON, DORSET",80000,51.10803900000001,-4.161014,3.0,T
"BRECON, POWYS",215625,51.9489469,-3.391463,2.0,MA
"BRENTFORD, GREATER LONDON",447077,51.486073,-0.3101169,3.0,WSML
"BRENTWOOD, ESSEX",378374,51.620475,0.3071749,3.0,S
"BRENTWOOD, THURROCK",388000,51.6264875,0.2586997,2.0,SL
"BRIDGEND, BRIDGEND",153820,51.504286,-3.576945,2.2,STDLA
"BRIDGEND, CARDIFF",131500,51.5343551,-3.5799963,2.2,STDLA
"BRIDGEND, NEATH PORT TALBOT",255500,51.599137,-3.7995946,2.0,TMLA
"BRIDGEND, RHONDDA CYNON TAFF",150500,51.504286,-3.576945,2.2,STDLA
"BRIDGEND, THE VALE OF GLAMORGAN",345076,51.4979255,-3.5485376,2.0,TDLA
"BRIDGNORTH, SHROPSHIRE",224660,52.53445499999999,-2.424549,2.0,SA
"BRIDGNORTH, STAFFORDSHIRE",417500,52.53445499999999,-2.424549,2.0,SA
"BRIDGWATER, NORTH SOMERSET",161000,51.145945,-2.992042,2.2,SDMLA
"BRIDGWATER, SOMERSET",194365,51.127889,-3.003632,2.2,SDMLA
"BRIDLINGTON, EAST RIDING OF YORKSHIRE",141158,54.08535,-0.198802,2.3333333333333335,TMA
"BRIDLINGTON, NORTH YORKSHIRE",250000,54.08535,-0.198802,2.3333333333333335,TMA
"BRIDPORT, DORSET",286564,50.7335769,-2.758301,3.0,WML
"BRIERLEY HILL, WEST MIDLANDS",139258,52.4821669,-2.120309,2.0,SDLA
"BRIGG, LINCOLNSHIRE",293154,53.55184999999999,-0.491887,2.0,TL
"BRIGG, NORTH LINCOLNSHIRE",160510,53.55184999999999,-0.491887,2.0,TL
"BRIGHOUSE, WEST YORKSHIRE",159978,53.699729,-1.782501,3.0,WSTDL
"BRIGHTON, BRIGHTON AND HOVE",333924,50.82253000000001,-0.137163,2.7142857142857144,WSTDMLA
"BRIGHTON, EAST SUSSEX",315759,50.82253000000001,-0.137163,2.7142857142857144,WSTDMLA
"BRIGHTON, WEST SUSSEX",306574,50.82253000000001,-0.137163,2.7142857142857144,WSTDMLA
"BRISTOL, BATH AND NORTH EAST SOMERSET",304387,51.454513,-2.58791,2.6666666666666665,WSTDLA
"BRISTOL, CITY OF BRISTOL",254440,51.454513,-2.58791,2.6666666666666665,WSTDLA
"BRISTOL, GLOUCESTERSHIRE",230642,51.454513,-2.58791,2.6666666666666665,WSTDLA
"BRISTOL, NORTH SOMERSET",311636,51.4600794,-2.5915505,2.6666666666666665,WSTDLA
"BRISTOL, SOMERSET",453027,51.454513,-2.58791,2.6666666666666665,WSTDLA
"BRISTOL, SOUTH GLOUCESTERSHIRE",246589,51.454513,-2.58791,2.6666666666666665,WSTDLA
"BROADSTAIRS, KENT",269840,51.360163,1.432038,2.6,WSDLA
"BROADSTONE, DORSET",411581,50.75711,-1.992042,2.0,DL
"BROADSTONE, POOLE",375856,50.75711,-1.992042,2.0,DL
"BROMLEY, GREATER LONDON",396768,51.406025,0.013156,3.0,WSTL
"BROMSGROVE, WORCESTERSHIRE",239733,52.335589,-2.061906,2.6,WDMLA
"BROUGH, CITY OF KINGSTON UPON HULL",110000,53.729988,-0.5732149999999999,2.0,MA
"BROUGH, EAST RIDING OF YORKSHIRE",205111,53.729988,-0.5732149999999999,2.0,MA
"BROXBOURNE, ESSEX",529828,51.74347299999999,-0.021151,2.5,SDMA
"BROXBOURNE, HERTFORDSHIRE",336502,51.74347299999999,-0.021151,2.5,SDMA
"BUCKHURST HILL, ESSEX",469154,51.627572,0.034513,3.6666666666666665,WSM
"BUCKHURST HILL, GREATER LONDON",464762,51.627572,0.034513,3.6666666666666665,WSM
"BUCKINGHAM, BUCKINGHAMSHIRE",318584,51.999326,-0.987645,2.5,WTLA
"BUCKINGHAM, OXFORDSHIRE",397236,51.999326,-0.987645,2.5,WTLA
"BUCKLEY, DENBIGHSHIRE",176000,53.17005,-3.0814879,1.0,A
"BUCKLEY, FLINTSHIRE",166459,53.17005,-3.0814879,1.0,A
"BUDE, CORNWALL",275842,50.826636,-4.543678,2.3333333333333335,SML
"BUDE, DEVON",261000,50.826636,-4.543678,2.3333333333333335,SML
"BUDE, WILTSHIRE",187500,50.826636,-4.543678,2.3333333333333335,SML
"BURGESS HILL, EAST SUSSEX",383687,50.954469,-0.128701,3.0,WTL
"BURGESS HILL, WEST SUSSEX",309690,50.954469,-0.128701,3.0,WTL
"BURNHAM-ON-SEA, NORTH SOMERSET",232000,51.240139,-2.993858,2.0,TDLA
"BURNHAM-ON-SEA, SOMERSET",204557,51.240139,-2.993858,2.0,TDLA
"BURNLEY, LANCASHIRE",141205,53.7892877,-2.2405035,2.0,SDLA
"BURNTWOOD, STAFFORDSHIRE",185815,52.679936,-1.921781,2.3333333333333335,TMA
"BURTON-ON-TRENT, DERBYSHIRE",291418,52.81402809999999,-1.6371359,2.3333333333333335,STDMLA
"BURTON-ON-TRENT, STAFFORDSHIRE",187052,52.81402809999999,-1.6371359,2.3333333333333335,STDMLA
"BURTON-ON-TRENT, STOKE-ON-TRENT",70000,52.9889907,-2.1341568,2.0,SDLA
"BURY ST EDMUNDS, SUFFOLK",265413,52.2429228,0.7104931999999999,3.0,WSTDA
"BURY, GREATER MANCHESTER",165368,53.5933498,-2.2966054,2.0,TDLA
"BURY, LANCASHIRE",188746,53.5933498,-2.2966054,2.0,TDLA
"BUSHEY, HERTFORDSHIRE",451770,51.64761499999999,-0.35842,1.6666666666666667,SLA
"BUXTON, DERBYSHIRE",199874,53.259082,-1.91483,3.0,WMA
"BUXTON, STAFFORDSHIRE",258361,53.259082,-1.91483,3.0,WMA
"CAERNARFON, GWYNEDD",156503,53.139551,-4.273911,3.0,TDM
"CAERPHILLY, CAERPHILLY",158273,51.578829,-3.218134,2.2,TDMLA
"CAERPHILLY, CARDIFF",340000,51.48158100000001,-3.17909,2.2,SDMLA
"CALDICOT, MONMOUTHSHIRE",207157,51.591518,-2.750868,4.0,WD
"CALDICOT, NEWPORT",318934,51.591518,-2.750868,4.0,WD
"CALLINGTON, CORNWALL",212821,50.502332,-4.315735,3.0,T
"CALNE, WILTSHIRE",224094,51.43933,-2.003884,3.0,ST
"CAMBERLEY, HAMPSHIRE",342792,51.3353899,-0.742856,2.5,WSLA
"CAMBERLEY, SURREY",368548,51.3353899,-0.742856,2.5,WSLA
"CAMBORNE, CORNWALL",169783,50.21277,-5.2947749,2.0,TMLA
"CAMBRIDGE, CAMBRIDGESHIRE",371595,52.205337,0.121817,2.6,WSDLA
"CAMBRIDGE, CITY OF PETERBOROUGH",754995,52.5853118,-0.2487812,2.6666666666666665,WSDMLA
"CAMBRIDGE, ESSEX",625500,52.205337,0.121817,2.6,WSDLA
"CANNOCK, STAFFORDSHIRE",161415,52.69994080000001,-2.0218293,2.3333333333333335,STDMLA
"CANNOCK, WEST MIDLANDS",210000,52.69994080000001,-2.0218293,2.3333333333333335,STDMLA
"CANTERBURY, KENT",279238,51.280233,1.0789089,2.6666666666666665,WSDMLA
"CANVEY ISLAND, ESSEX",223900,51.517083,0.578411,3.0,SM
"CARDIFF, CAERPHILLY",369310,51.48158100000001,-3.17909,2.2,SDMLA
"CARDIFF, CARDIFF",205130,51.48158100000001,-3.17909,2.2,SDMLA
"CARDIFF, NEWPORT",315159,51.584151,-2.997664,2.2,SDMLA
"CARDIFF, PEMBROKESHIRE",390000,52.0557785,-4.634951,2.0,TA
"CARDIFF, RHONDDA CYNON TAFF",169471,51.5655411,-3.2745162,1.6666666666666667,TLA
"CARDIFF, SWANSEA",110000,51.4627496,-3.1888088,2.3333333333333335,STDMLA
"CARDIFF, THE VALE OF GLAMORGAN",325301,51.48158100000001,-3.17909,2.2,SDMLA
"CARDIGAN, CEREDIGION",185351,52.083703,-4.660864,2.0,TA
"CARLISLE, CUMBRIA",154552,54.892473,-2.932931,2.3333333333333335,STDMLA
"CARMARTHEN, CARMARTHENSHIRE",178536,51.85762,-4.312131,1.6666666666666667,MLA
"CARNFORTH, CUMBRIA",264420,54.1417256,-2.7516498,2.0,TA
"CARNFORTH, LANCASHIRE",226766,54.127363,-2.768112,2.0,TA
"CARSHALTON, GREATER LONDON",354266,51.365018,-0.164921,3.0,WSDML
"CARSHALTON, SURREY",444500,51.365018,-0.164921,3.0,WSDML
"CARTERTON, OXFORDSHIRE",251448,51.759712,-1.593124,2.3333333333333335,DMA
"CASTLEFORD, WEST YORKSHIRE",133613,53.72346599999999,-1.345968,2.3333333333333335,DMA
"CATERHAM, GREATER LONDON",377464,51.28029600000001,-0.08161589999999999,3.6666666666666665,WTM
"CATERHAM, SURREY",385841,51.28029600000001,-0.08161589999999999,3.6666666666666665,WTM
"CATTERICK GARRISON, NORTH YORKSHIRE",142757,54.3776861,-1.7228174,1.6666666666666667,TLA
"CHARD, DORSET",363960,50.8697919,-2.963316,2.3333333333333335,STL
"CHARD, SOMERSET",210782,50.8697919,-2.963316,2.3333333333333335,STL
"CHATHAM, KENT",271871,51.380952,0.52213,2.6,STDMA
"CHATHAM, MEDWAY",197381,51.380952,0.52213,2.6,STDMA
"CHATTERIS, CAMBRIDGESHIRE",169797,52.45610199999999,0.054012,1.0,A
"CHEADLE, CHESHIRE EAST",296500,53.394361,-2.214115,2.7142857142857144,WSTDMLA
"CHEADLE, CHESHIRE WEST AND CHESTER",320000,53.394361,-2.214115,2.7142857142857144,WSTDMLA
"CHEADLE, GREATER MANCHESTER",253060,53.394361,-2.214115,2.7142857142857144,WSTDMLA
"CHEDDAR, SOMERSET",262952,51.28016400000001,-2.7767019,3.0,S
"CHELMSFORD, ESSEX",310424,51.7355868,0.4685497,2.2,TDMLA
"CHELMSFORD, LUTON",425000,51.736293,0.4678424,2.2,TDMLA
"CHELMSFORD, SOUTHEND-ON-SEA",499999,51.5448387,0.70334,2.5,WSLA
"CHELTENHAM, ESSEX",329995,51.8993855,-2.0782533,2.6666666666666665,WSTMLA
"CHELTENHAM, GLOUCESTERSHIRE",288062,51.8993855,-2.0782533,2.6666666666666665,WSTMLA
"CHELTENHAM, SOUTH GLOUCESTERSHIRE",275000,51.8993855,-2.0782533,2.6666666666666665,WSTMLA
"CHEPSTOW, GLOUCESTERSHIRE",267543,51.641856,-2.673804,2.0,TL
"CHEPSTOW, MONMOUTHSHIRE",253632,51.641856,-2.673804,2.0,TL
"CHERTSEY, SURREY",371527,51.386491,-0.509456,2.0,SA
"CHESHAM, BUCKINGHAMSHIRE",362687,51.709401,-0.612333,4.0,WS
"CHESHAM, MILTON KEYNES",235000,51.709401,-0.612333,4.0,WS
"CHESSINGTON, GREATER LONDON",349964,51.363583,-0.296254,2.5,WSLA
"CHESTER LE STREET, COUNTY DURHAM",147805,54.8591161,-1.5740888,2.3333333333333335,TMA
"CHESTER LE STREET, TYNE AND WEAR",153349,54.8591161,-1.5740888,2.3333333333333335,TMA
"CHESTER, CHESHIRE EAST",245000,53.1610446,-2.2185932,2.3333333333333335,TMA
"CHESTER, CHESHIRE WEST AND CHESTER",233501,53.193392,-2.893075,2.7142857142857144,WSTDMLA
"CHESTER, FLINTSHIRE",192510,53.193625,-2.934551,2.2,TDMLA
"CHESTER, RHONDDA CYNON TAFF",269995,51.64902069999999,-3.4288692,1.6666666666666667,DLA
"CHESTERFIELD, DERBYSHIRE",162569,53.235048,-1.421629,2.2,SDMLA
"CHICHESTER, WEST SUSSEX",336500,50.83761000000001,-0.774936,2.5,WSLA
"CHIGWELL, ESSEX",486722,51.62628100000001,0.080647,2.6,WSMLA
"CHIGWELL, GREATER LONDON",293754,51.62628100000001,0.080647,2.6,WSMLA
"CHIPPENHAM, LEICESTERSHIRE",164000,51.461514,-2.1195157,2.0,SMLA
"CHIPPENHAM, WILTSHIRE",266036,51.461514,-2.1195157,2.0,SMLA
"CHIPPING NORTON, GLOUCESTERSHIRE",432973,51.9170952,-1.5419219,2.0,SA
"CHIPPING NORTON, OXFORDSHIRE",353268,51.943544,-1.542189,2.0,SA
"CHISLEHURST, GREATER LONDON",472075,51.412626,0.077487,2.5,STML
"CHOPPINGTON, NORTHUMBERLAND",114727,55.14686099999999,-1.598327,2.3333333333333335,TML
"CHORLEY, LANCASHIRE",179607,53.653511,-2.632596,2.5,TDMA
"CHRISTCHURCH, BOURNEMOUTH",725000,50.735777,-1.778586,2.5,WSLA
"CHRISTCHURCH, DORSET",327536,50.735777,-1.778586,2.5,WSLA
"CHRISTCHURCH, HAMPSHIRE",395581,50.735777,-1.778586,2.5,WSLA
"CHRISTCHURCH, POOLE",299125,50.7380046,-1.9883161,2.0,SDLA
"CINDERFORD, GLOUCESTERSHIRE",162272,51.825303,-2.5009579,1.0,L
"CIRENCESTER, GLOUCESTERSHIRE",324989,51.718495,-1.968243,2.3333333333333335,WLA
"CIRENCESTER, WILTSHIRE",640000,51.718495,-1.968243,2.3333333333333335,WLA
"CLACTON-ON-SEA, ESSEX",184039,51.789534,1.153035,2.3333333333333335,STDMLA
"CLECKHEATON, WEST YORKSHIRE",166449,53.723048,-1.707525,3.0,WTML
"CLEETHORPES, NORTH EAST LINCOLNSHIRE",137988,53.557378,-0.029435,1.0,LA
"CLEVEDON, BATH AND NORTH EAST SOMERSET",231850,51.438703,-2.840851,2.0,TDLA
"CLEVEDON, NORTH SOMERSET",269190,51.4284337,-2.8280061,2.0,TDLA
"CLEVEDON, SOUTH GLOUCESTERSHIRE",375000,51.4284337,-2.8280061,2.0,TDLA
"CLITHEROE, LANCASHIRE",225762,53.871098,-2.393083,2.0,STLA
"COALVILLE, LEICESTER",147000,52.724569,-1.3677109,2.0,DMLA
"COALVILLE, LEICESTERSHIRE",174537,52.724569,-1.3677109,2.0,DMLA
"COBHAM, SURREY",564534,51.32878299999999,-0.410856,4.0,WS
"COCKERMOUTH, CUMBRIA",217470,54.663261,-3.367985,1.6666666666666667,SLA
"COLCHESTER, BATH AND NORTH EAST SOMERSET",129000,51.38144399999999,-2.363053,3.0,WSML
"COLCHESTER, ESSEX",246873,51.895927,0.8918740000000001,2.6666666666666665,WSTDLA
"COLCHESTER, SOUTHEND-ON-SEA",184247,51.5469367,0.7036171,2.5,WSLA
"COLCHESTER, SUFFOLK",354643,51.895927,0.8918740000000001,2.6666666666666665,WSTDLA
"COLCHESTER, THURROCK",280000,51.895927,0.8918740000000001,2.6666666666666665,WSTDLA
"COLNE, LANCASHIRE",145405,53.85564,-2.176991,2.2,SDMLA
"COLWYN BAY, CONWY",176632,53.29318199999999,-3.72764,1.6666666666666667,MLA
"CONGLETON, CHESHIRE EAST",208828,53.162856,-2.218923,2.3333333333333335,TMA
"CONGLETON, STAFFORDSHIRE",267566,53.162856,-2.218923,2.3333333333333335,TMA
"CONSETT, COUNTY DURHAM",138183,54.851797,-1.833026,2.0,TMLA
"CONSETT, NORTHUMBERLAND",342904,54.851797,-1.833026,2.0,TMLA
"CONWY, CONWY",212837,53.282872,-3.82948,3.0,TD
"CONWY, GWYNEDD",150000,53.280059,-3.8256186,3.0,TD
"CONWY, MERSEYSIDE",112500,53.280059,-3.8256186,3.0,TD
"CORBY, NORTHAMPTONSHIRE",160876,52.49229829999999,-0.6842332999999999,2.0,DMLA
"COTTINGHAM, EAST RIDING OF YORKSHIRE",191685,53.782081,-0.413978,2.6,WTMLA
"COULSDON, GREATER LONDON",415784,51.319941,-0.141267,3.0,WA
"COULSDON, SURREY",446018,51.319941,-0.141267,3.0,WA
"COVENTRY, WARWICKSHIRE",211400,52.406822,-1.519693,2.3333333333333335,STDMLA
"COVENTRY, WEST MIDLANDS",175722,52.406822,-1.519693,2.3333333333333335,STDMLA
"COWBRIDGE, THE VALE OF GLAMORGAN",367641,51.46209,-3.449581,5.0,W
"COWES, ISLE OF WIGHT",238036,50.76278500000001,-1.300533,3.0,WSA
"CRADLEY HEATH, WEST MIDLANDS",140582,52.471815,-2.082075,2.0,SDLA
"CRAMLINGTON, NORTHUMBERLAND",156446,55.086136,-1.5808,2.3333333333333335,SDA
"CRAMLINGTON, TYNE AND WEAR",119096,55.086136,-1.5808,2.3333333333333335,SDA
"CRANLEIGH, SURREY",427505,51.141073,-0.483985,3.0,S
"CRAWLEY, BRIGHTON AND HOVE",201500,50.8404505,-0.165204,2.6666666666666665,WSTMLA
"CRAWLEY, SURREY",582866,51.1356876,-0.1473964,1.0,LA
"CRAWLEY, WEST SUSSEX",279979,51.1091401,-0.1872275,2.0,SDLA
"CREDITON, DEVON",250325,50.792592,-3.651495,3.0,TM
"CREWE, CHESHIRE EAST",175480,53.10040499999999,-2.4438209,2.5,SDMA
"CREWE, SHROPSHIRE",324781,53.10040499999999,-2.4438209,2.5,SDMA
"CREWE, STAFFORDSHIRE",213548,53.089558,-2.4335987,2.5,SDMA
"CREWKERNE, DORSET",333000,50.8830079,-2.795877,3.0,WL
"CREWKERNE, SOMERSET",202811,50.8830079,-2.795877,3.0,WL
"CROMER, NORFOLK",218383,52.931448,1.301866,2.0,ML
"CROOK, COUNTY DURHAM",133086,54.715131,-1.743545,1.0,L
"CROOK, DARLINGTON",134962,54.715131,-1.743545,1.0,L
"CROWBOROUGH, EAST SUSSEX",344298,51.06085299999999,0.165894,3.0,WTML
"CROWTHORNE, BRACKNELL FOREST",351114,51.36690100000001,-0.795353,3.0,WL
"CROWTHORNE, WARWICKSHIRE",330000,51.36690100000001,-0.795353,3.0,WL
"CROWTHORNE, WOKINGHAM",468548,51.36690100000001,-0.795353,3.0,WL
"CROYDON, GREATER LONDON",300333,51.376165,-0.098234,2.7142857142857144,WSTDMLA
"CULLOMPTON, DEVON",230722,50.85522899999999,-3.391701,2.0,TA
"CWMBRAN, MONMOUTHSHIRE",156666,51.6496546,-3.0317889,2.2,SDMLA
"CWMBRAN, NEWPORT",130000,51.6496546,-3.0317889,2.2,SDMLA
"CWMBRAN, TORFAEN",147249,51.6496546,-3.0317889,2.2,SDMLA
"DAGENHAM, GREATER LONDON",248482,51.53888999999999,0.14743,2.0,DMLA
"DARLINGTON, COUNTY DURHAM",198078,54.52361,-1.559458,2.2,SDMLA
"DARLINGTON, DARLINGTON",158756,54.52361,-1.559458,2.2,SDMLA
"DARLINGTON, NORTH YORKSHIRE",273488,54.52361,-1.559458,2.2,SDMLA
"DARLINGTON, STOCKTON-ON-TEES",615000,54.52361,-1.559458,2.2,SDMLA
"DARTFORD, GREATER LONDON",252819,51.44621,0.216872,1.6666666666666667,SLA
"DARTFORD, KENT",271516,51.44621,0.216872,1.6666666666666667,SLA
"DARTMOUTH, CITY OF PLYMOUTH",165000,50.3987558,-4.0951372,2.2,SDMLA
"DARTMOUTH, DEVON",362134,50.352517,-3.578807,2.0,SL
"DARTMOUTH, TORBAY",199995,50.352517,-3.578807,2.0,SL
"DARWEN, BLACKBURN WITH DARWEN",129990,53.695451,-2.46874,2.3333333333333335,SDL
"DAVENTRY, NORTHAMPTONSHIRE",227516,52.257473,-1.164947,3.0,WTA
"DAWLISH, DEVON",220622,50.582285,-3.464402,3.0,S
"DEAL, KENT",243322,51.222491,1.401661,2.0,SA
"DEESIDE, FLINTSHIRE",160289,53.1997351,-3.0329723,2.3333333333333335,DML
"DEESIDE, SWANSEA",299995,53.1997351,-3.0329723,2.3333333333333335,DML
"DENBIGH, CONWY",198272,53.1934321,-3.4156127,1.6666666666666667,MLA
"DENBIGH, DENBIGHSHIRE",176517,53.183906,-3.425002,1.6666666666666667,MLA
"DENBIGH, FLINTSHIRE",428500,53.1841664,-3.4195465,1.6666666666666667,MLA
"DERBY, CITY OF DERBY",162245,52.9225301,-1.4746186,2.0,SMLA
"DERBY, DERBYSHIRE",226740,52.9225301,-1.4746186,2.0,SMLA
"DERBY, LEICESTERSHIRE",219612,52.6326294,-1.1358692,2.3333333333333335,STDMLA
"DERBY, NOTTINGHAMSHIRE",222500,52.9225301,-1.4746186,2.0,SMLA
"DEREHAM, NORFOLK",212019,52.68161800000001,0.937827,2.0,TMLA
"DEVIZES, WILTSHIRE",260690,51.3489069,-1.994828,2.3333333333333335,SML
"DEWSBURY, WEST YORKSHIRE",138999,53.689833,-1.6296949,2.0,SDLA
"DIDCOT, OXFORDSHIRE",304227,51.60804400000001,-1.24484,2.5,STDA
"DINAS POWYS, THE VALE OF GLAMORGAN",268155,51.433799,-3.215782,2.2,TDMLA
"DISS, NORFOLK",231911,52.37649099999999,1.108394,2.3333333333333335,TMA
"DISS, SUFFOLK",303119,52.37649099999999,1.108394,2.3333333333333335,TMA
"DONCASTER, NORTH YORKSHIRE",301041,53.52282,-1.128462,2.2,SDMLA
"DONCASTER, SOUTH YORKSHIRE",147272,53.52282,-1.128462,2.2,SDMLA
"DORCHESTER, DORSET",283690,50.7111639,-2.441181,3.0,WTL
"DORKING, SURREY",431948,51.232202,-0.332378,3.0,WSL
"DORKING, WEST SUSSEX",805000,51.2364274,-0.3396456,3.0,WSL
"DOVER, KENT",196618,51.1278758,1.3134027,2.0,DMLA
"DOWNHAM MARKET, CAMBRIDGESHIRE",225000,52.606612,0.385472,3.0,TM
"DOWNHAM MARKET, NORFOLK",188838,52.606612,0.385472,3.0,TM
"DRIFFIELD, EAST RIDING OF YORKSHIRE",175657,54.005996,-0.443377,2.0,TL
"DRIFFIELD, NORTH YORKSHIRE",166130,54.005996,-0.443377,2.0,TL
"DROITWICH, WORCESTERSHIRE",244430,52.2615914,-2.1526355,2.5,WMLA
"DRONFIELD, DERBYSHIRE",221913,53.30227900000001,-1.467959,2.3333333333333335,SMA
"DRYBROOK, GLOUCESTERSHIRE",195453,51.855809,-2.518649,1.0,L
"DUDLEY, STAFFORDSHIRE",306543,52.512255,-2.081112,1.6666666666666667,DLA
"DUDLEY, WEST MIDLANDS",144568,52.512255,-2.081112,1.6666666666666667,DLA
"DUKINFIELD, GREATER MANCHESTER",130475,53.478764,-2.094523,2.3333333333333335,STDMLA
"DUNMOW, ESSEX",365535,51.867506,0.361321,3.0,T
"DUNSTABLE, BEDFORD",265011,51.885644,-0.52039,2.3333333333333335,STDMLA
"DUNSTABLE, BUCKINGHAMSHIRE",415754,51.885644,-0.52039,2.3333333333333335,STDMLA
"DUNSTABLE, CENTRAL BEDFORDSHIRE",238524,51.885644,-0.52039,2.3333333333333335,STDMLA
"DURHAM, COUNTY DURHAM",170165,54.77525,-1.584852,2.0,STLA
"DURSLEY, GLOUCESTERSHIRE",236077,51.678768,-2.350518,2.3333333333333335,STL
"DURSLEY, SOUTH GLOUCESTERSHIRE",145000,51.678768,-2.350518,2.3333333333333335,STL
"EAST BOLDON, TYNE AND WEAR",205168,54.94315599999999,-1.422718,2.0,SDLA
"EAST COWES, ISLE OF WIGHT",173722,50.759108,-1.285492,3.0,WSA
"EAST GRINSTEAD, EAST SUSSEX",680642,51.128742,-0.014468,3.0,WSA
"EAST GRINSTEAD, SURREY",526165,51.128742,-0.014468,3.0,WSA
"EAST GRINSTEAD, WEST SUSSEX",334185,51.128742,-0.014468,3.0,WSA
"EAST MOLESEY, GREATER LONDON",486346,51.400766,-0.3562949,3.6666666666666665,WST
"EAST MOLESEY, SURREY",555989,51.400766,-0.3562949,3.6666666666666665,WST
"EASTBOURNE, BRIGHTON AND HOVE",260000,50.7822861,0.084504,2.3333333333333335,SML
"EASTBOURNE, EAST SUSSEX",234804,50.768035,0.290472,3.0,WSML
"EASTBOURNE, WEST SUSSEX",430000,50.768035,0.290472,3.0,WSML
"EASTLEIGH, HAMPSHIRE",277360,50.967182,-1.374688,2.6,WSDLA
"EASTLEIGH, SOUTHAMPTON",247500,50.967182,-1.374688,2.6,WSDLA
"EBBW VALE, BLAENAU GWENT",116296,51.777532,-3.206151,2.2,TDMLA
"EBBW VALE, CARDIFF",180000,51.4820307,-3.2048317,2.2,SDMLA
"EBBW VALE, MONMOUTHSHIRE",139000,51.777532,-3.206151,2.2,TDMLA
"EDENBRIDGE, KENT",351682,51.196259,0.06545100000000001,1.0,L
"EDENBRIDGE, SURREY",488000,51.196259,0.06545100000000001,1.0,L
"EDGWARE, GREATER LONDON",403617,51.615786,-0.262034,2.6666666666666665,WSDMLA
"EGHAM, SURREY",374952,51.428825,-0.547876,3.6666666666666665,WST
"ELLAND, WEST YORKSHIRE",156126,53.68350299999999,-1.844929,2.3333333333333335,SMA
"ELLESMERE PORT, CHESHIRE WEST AND CHESTER",155705,53.279812,-2.897404,2.5,SDMA
"ELLESMERE PORT, MERSEYSIDE",126333,53.279812,-2.897404,2.5,SDMA
"ELLESMERE, SHROPSHIRE",197364,52.906718,-2.900338,3.0,T
"ELY, CAMBRIDGESHIRE",248882,52.399539,0.262363,3.0,WSTA
"ELY, SUFFOLK",167111,52.399539,0.262363,3.0,WSTA
"EMSWORTH, HAMPSHIRE",345966,50.848132,-0.937928,5.0,W
"EMSWORTH, WEST SUSSEX",322321,50.848132,-0.937928,5.0,W
"ENFIELD, GREATER LONDON",337121,51.6622909,-0.1180651,2.6666666666666665,WSTDLA
"EPPING, ESSEX",456060,51.700328,0.108655,3.0,T
"EPPING, SOUTHEND-ON-SEA",80000,51.5706381,0.6546656,2.5,WMLA
"EPSOM, GREATER LONDON",436750,51.336036,-0.267382,3.0,WSA
"EPSOM, SURREY",435230,51.336036,-0.267382,3.0,WSA
"ERITH, GREATER LONDON",241475,51.480818,0.174675,2.5,SDML
"ESHER, SURREY",573317,51.369487,-0.365927,3.0,WL
"EVESHAM, WARWICKSHIRE",234187,52.122122,-1.977234,3.0,T
"EVESHAM, WORCESTERSHIRE",231213,52.09214900000001,-1.94677,2.0,TMLA
"EXETER, DEVON",259445,50.718412,-3.533899,2.6,WSMLA
"EXMOUTH, DEVON",247475,50.619957,-3.413702,2.0,TL
"EYE, CITY OF PETERBOROUGH",269950,52.6097482,-0.1861879,3.0,S
"FAKENHAM, NORFOLK",223528,52.831333,0.849324,2.0,TMLA
"FALMOUTH, CORNWALL",285569,50.15257099999999,-5.066269999999999,2.0,SL
"FAREHAM, HAMPSHIRE",259367,50.8548464,-1.1865868,2.2,STDLA
"FAREHAM, PORTSMOUTH",192500,50.8548464,-1.1865868,2.2,STDLA
"FARINGDON, OXFORDSHIRE",302239,51.658477,-1.584679,3.0,WA
"FARNBOROUGH, HAMPSHIRE",283825,51.2868939,-0.7526149999999999,3.5,WSDM
"FARNHAM, HAMPSHIRE",552721,51.214321,-0.798802,3.0,WSL
"FARNHAM, SURREY",421053,51.214321,-0.798802,3.0,WSL
"FAVERSHAM, KENT",261273,51.315994,0.889358,3.0,STM
"FELIXSTOWE, SUFFOLK",226032,51.961726,1.351255,2.3333333333333335,TML
"FELTHAM, GREATER LONDON",279130,51.44414800000001,-0.410772,2.2,STDLA
"FELTHAM, SURREY",286733,51.44414800000001,-0.410772,2.2,STDLA
"FERNDALE, RHONDDA CYNON TAFF",88956,51.662619,-3.448638,1.0,L
"FERNDOWN, BOURNEMOUTH",341000,50.807364,-1.899776,2.3333333333333335,STL
"FERNDOWN, DORSET",312067,50.807364,-1.899776,2.3333333333333335,STL
"FERNDOWN, POOLE",259000,50.807364,-1.899776,2.3333333333333335,STL
"FERRYHILL, COUNTY DURHAM",131410,54.68803399999999,-1.553164,1.6666666666666667,DLA
"FILEY, NORTH YORKSHIRE",160421,54.210076,-0.290594,3.0,T
"FILEY, YORK",147000,53.9710259,-1.0850232,2.6666666666666665,WSDMLA
"FLEET, HAMPSHIRE",380964,51.277283,-0.842655,3.6666666666666665,WSM
"FLEET, SURREY",525000,51.277283,-0.842655,3.6666666666666665,WSM
"FLEETWOOD, LANCASHIRE",123075,53.916661,-3.035673,2.0,DA
"FLINT, BLAENAU GWENT",147450,52.0547991,-2.7170522,2.7142857142857144,WSTDMLA
"FLINT, FLINTSHIRE",142624,53.248236,-3.13577,2.3333333333333335,SDA
"FOLKESTONE, KENT",212611,51.081397,1.169456,2.6,STDML
"FRINTON-ON-SEA, ESSEX",265723,51.830433,1.247224,1.0,A
"FRODSHAM, CHESHIRE EAST",155000,53.2967045,-2.7245643,2.3333333333333335,DMA
"FRODSHAM, CHESHIRE WEST AND CHESTER",249483,53.2967045,-2.7245643,2.3333333333333335,DMA
"FRODSHAM, WARRINGTON",345000,53.2967045,-2.7245643,2.3333333333333335,DMA
"FROME, SOMERSET",244285,51.230751,-2.320096,2.3333333333333335,SDL
"GAINSBOROUGH, LINCOLNSHIRE",149668,53.400575,-0.774465,2.0,TMLA
"GAINSBOROUGH, NORTH LINCOLNSHIRE",172050,53.400575,-0.774465,2.0,TMLA
"GATESHEAD, TYNE AND WEAR",144546,54.95268,-1.603411,3.0,WTDMA
"GERRARDS CROSS, BUCKINGHAMSHIRE",597168,51.582362,-0.5575,4.0,WT
"GERRARDS CROSS, HERTFORDSHIRE",260000,51.5976327,-0.5485531,4.0,WT
"GILLINGHAM, DORSET",233284,51.036731,-2.277885,2.5,WDLA
"GILLINGHAM, KENT",335557,51.386322,0.551438,2.3333333333333335,SDA
"GILLINGHAM, MEDWAY",213154,51.386322,0.551438,2.3333333333333335,SDA
"GLASTONBURY, SOMERSET",246600,51.147427,-2.718454,2.5,STMA
"GLOSSOP, DERBYSHIRE",171947,53.4433284,-1.948907,2.0,TA
"GLOUCESTER, GLOUCESTERSHIRE",201843,51.8642449,-2.238156,2.3333333333333335,STDMLA
"GLOUCESTER, WORCESTERSHIRE",382220,51.86765699999999,-2.2426095,2.3333333333333335,STDMLA
"GODALMING, SURREY",427962,51.18573199999999,-0.612808,4.0,WS
"GODALMING, WEST SUSSEX",619166,51.18573199999999,-0.612808,4.0,WS
"GODSTONE, SURREY",378748,51.247571,-0.067578,4.0,WM
"GOOLE, EAST RIDING OF YORKSHIRE",154863,53.702941,-0.876381,2.5,TDML
"GOOLE, NORTH LINCOLNSHIRE",310000,53.702941,-0.876381,2.5,TDML
"GOOLE, NORTH YORKSHIRE",186303,53.702941,-0.876381,2.5,TDML
"GOOLE, SOUTH YORKSHIRE",298571,53.46969679999999,-1.3259683,2.0,DMLA
"GOSPORT, HAMPSHIRE",181218,50.794995,-1.117547,2.7142857142857144,WSTDMLA
"GOSPORT, PORTSMOUTH",399500,50.794995,-1.117547,2.7142857142857144,WSTDMLA
"GRANTHAM, LINCOLNSHIRE",184121,52.912524,-0.643582,2.2,SDMLA
"GRANTHAM, RUTLAND",400500,52.912524,-0.643582,2.2,SDMLA
"GRAVESEND, KENT",259353,51.44188399999999,0.370759,2.2,SDMLA
"GRAYS, THURROCK",241677,51.4784037,0.3230151,2.5,SDMA
"GREAT YARMOUTH, NORFOLK",169675,52.598233,1.728047,2.2,SDMLA
"GREENFORD, GREATER LONDON",367611,51.531797,-0.34622,3.0,WSTDL
"GREENHITHE, KENT",252502,51.4489903,0.284623,3.0,D
"GRETNA, CUMBRIA",320000,54.9994001,-3.0803076,5.0,W
"GRIMSBY, EAST RIDING OF YORKSHIRE",109700,53.567471,-0.080784,2.2,STDLA
"GRIMSBY, LINCOLNSHIRE",178869,53.567471,-0.080784,2.2,STDLA
"GRIMSBY, NORTH EAST LINCOLNSHIRE",147422,53.567471,-0.080784,2.2,STDLA
"GUILDFORD, SURREY",419046,51.23622,-0.570409,3.0,WSTA
"GUISBOROUGH, MIDDLESBROUGH",122500,54.536241,-1.049544,2.0,SMLA
"GUISBOROUGH, REDCAR AND CLEVELAND",168070,54.536241,-1.049544,2.0,SMLA
"HAILSHAM, EAST SUSSEX",254479,50.864612,0.255234,3.6666666666666665,WTD
"HALESOWEN, LANCASHIRE",150000,52.449845,-2.050526,2.0,SDLA
"HALESOWEN, WEST MIDLANDS",169656,52.449845,-2.050526,2.0,SDLA
"HALESOWEN, WORCESTERSHIRE",289098,52.449845,-2.050526,2.0,SDLA
"HALIFAX, WEST YORKSHIRE",159873,53.72702,-1.85754,2.2,STDLA
"HALSTEAD, ESSEX",261318,51.945073,0.6390319999999999,2.0,SL
"HALTWHISTLE, NORTHUMBERLAND",134088,54.972237,-2.460856,3.0,S
"HAMPTON, GREATER LONDON",477013,51.4133939,-0.366712,3.0,ST
"HAMPTON, SURREY",390700,51.4036128,-0.3377623,2.6,WSTLA
"HARLOW, ESSEX",259626,51.767787,0.087806,2.2,STDLA
"HARLOW, HERTFORDSHIRE",515654,51.767787,0.087806,2.2,STDLA
"HARPENDEN, CENTRAL BEDFORDSHIRE",968400,51.81845999999999,-0.358953,4.0,WS
"HARPENDEN, HERTFORDSHIRE",531088,51.81845999999999,-0.358953,4.0,WS
"HARROGATE, NORTH YORKSHIRE",291357,53.99212,-1.541812,3.0,WSDMA
"HARROGATE, YORK",170000,53.95996510000001,-1.0872979,2.6666666666666665,WSDMLA
"HARROW, GREATER LONDON",389694,51.580559,-0.341995,3.0,WSTDML
"HARTLEPOOL, HARTLEPOOL",141259,54.691745,-1.212926,2.3333333333333335,STDMLA
"HARTLEPOOL, MIDDLESBROUGH",274950,54.574227,-1.234956,2.2,SDMLA
"HARTLEPOOL, STOCKTON-ON-TEES",149950,54.691745,-1.212926,2.3333333333333335,STDMLA
"HARWICH, ESSEX",168212,51.934731,1.260297,2.3333333333333335,DML
"HASLEMERE, HAMPSHIRE",562266,51.090856,-0.7133729999999999,4.0,WT
"HASLEMERE, SURREY",399341,51.090856,-0.7133729999999999,4.0,WT
"HASLEMERE, WEST SUSSEX",446854,51.090856,-0.7133729999999999,4.0,WT
"HASSOCKS, EAST SUSSEX",550353,50.9246755,-0.1460982,4.0,WT
"HASSOCKS, WEST SUSSEX",412559,50.9246755,-0.1460982,4.0,WT
"HASTINGS, EAST SUSSEX",221263,50.854259,0.573453,2.0,DMLA
"HATFIELD, HERTFORDSHIRE",325450,51.763366,-0.22309,2.0,DA
"HAVANT, HAMPSHIRE",230697,50.8518324,-0.9847131999999998,2.5,WDLA
"HAVERFORDWEST, PEMBROKESHIRE",187179,51.800475,-4.971318999999999,2.0,TMLA
"HAVERHILL, ESSEX",308629,52.082766,0.440945,2.0,STLA
"HAVERHILL, SUFFOLK",216757,52.082766,0.440945,2.0,STLA
"HAYES, GREATER LONDON",293147,51.516758,-0.436786,2.2,SDMLA
"HAYLE, CORNWALL",224250,50.185467,-5.42091,2.0,DL
"HAYLING ISLAND, HAMPSHIRE",277620,50.7947565,-0.9760186999999998,1.0,L
"HAYWARDS HEATH, EAST SUSSEX",480695,50.999041,-0.106333,3.0,WSA
"HAYWARDS HEATH, WEST SUSSEX",367712,50.999041,-0.106333,3.0,WSA
"HEANOR, CITY OF DERBY",140000,53.013807,-1.35377,2.2,TDMLA
"HEANOR, DERBYSHIRE",138546,53.013807,-1.35377,2.2,TDMLA
"HEATHFIELD, BRIGHTON AND HOVE",215000,50.85366819999999,-0.2290853,1.6666666666666667,SLA
"HEATHFIELD, EAST SUSSEX",311034,50.9667401,0.2564428,3.0,S
"HEBBURN, TYNE AND WEAR",145887,54.972283,-1.52199,2.0,DMLA
"HECKMONDWIKE, WEST YORKSHIRE",122718,53.706976,-1.670679,2.0,DMLA
"HELSTON, CORNWALL",249737,50.101593,-5.274996,2.3333333333333335,STL
"HEMEL HEMPSTEAD, HERTFORDSHIRE",313782,51.753241,-0.448632,2.3333333333333335,SDA
"HENGOED, CAERPHILLY",142526,51.646519,-3.23131,2.0,TDLA
"HENGOED, RHONDDA CYNON TAFF",179950,51.646519,-3.23131,2.0,TDLA
"HENLEY-ON-THAMES, BUCKINGHAMSHIRE",653961,51.535764,-0.902894,4.0,WT
"HENLEY-ON-THAMES, OXFORDSHIRE",503032,51.535764,-0.902894,4.0,WT
"HENLEY-ON-THAMES, WOKINGHAM",510138,51.535764,-0.902894,4.0,WT
"HENLOW, CENTRAL BEDFORDSHIRE",306124,52.02984499999999,-0.285839,3.0,M
"HEREFORD, HEREFORDSHIRE",224181,52.05639799999999,-2.715974,2.7142857142857144,WSTDMLA
"HEREFORD, WORCESTERSHIRE",145000,52.173967,-2.234448,2.6666666666666665,WSTDLA
"HERNE BAY, KENT",241525,51.370922,1.127771,2.3333333333333335,SMA
"HERTFORD, HERTFORDSHIRE",360278,51.795756,-0.08115699999999999,3.0,ST
"HESSLE, CITY OF KINGSTON UPON HULL",221500,53.723805,-0.434858,2.3333333333333335,SMA
"HESSLE, EAST RIDING OF YORKSHIRE",174073,53.723805,-0.434858,2.3333333333333335,SMA
"HEXHAM, NORTHUMBERLAND",229404,54.972665,-2.1121439,3.0,WTA
"HEYWOOD, GREATER MANCHESTER",136866,53.592628,-2.22565,2.0,TMLA
"HIGH PEAK, CHESHIRE EAST",382120,53.3369009,-2.0252737,3.0,T
"HIGH PEAK, DERBYSHIRE",205810,53.3325341,-1.8876721,2.0,MA
"HIGH PEAK, GREATER MANCHESTER",748333,53.5051581,-2.183429,2.2,TDMLA
"HIGH WYCOMBE, BUCKINGHAMSHIRE",335205,51.628611,-0.7482289999999999,2.7142857142857144,WSTDMLA
"HIGH WYCOMBE, MILTON KEYNES",252000,51.628611,-0.7482289999999999,2.7142857142857144,WSTDMLA
"HIGHBRIDGE, SOMERSET",220570,51.22497689999999,-2.9780325,2.0,TDLA
"HINCKLEY, LEICESTER",185000,52.5454549,-1.37667,2.3333333333333335,STDMLA
"HINCKLEY, LEICESTERSHIRE",194337,52.5454549,-1.37667,2.3333333333333335,STDMLA
"HINCKLEY, WARWICKSHIRE",353960,52.5454549,-1.37667,2.3333333333333335,STDMLA
"HINDHEAD, HAMPSHIRE",442208,51.113618,-0.732073,4.0,WT
"HINDHEAD, SURREY",410933,51.113618,-0.732073,4.0,WT
"HITCHIN, CENTRAL BEDFORDSHIRE",323949,51.94921,-0.283414,3.6666666666666665,WSD
"HITCHIN, HERTFORDSHIRE",342205,51.94921,-0.283414,3.6666666666666665,WSD
"HOCKLEY, ESSEX",344756,51.60142039999999,0.6547012,2.0,ML
"HODDESDON, ESSEX",495711,51.76000699999999,-0.015042,2.5,SDMA
"HODDESDON, HERTFORDSHIRE",283906,51.76000699999999,-0.015042,2.5,SDMA
"HOLMFIRTH, SOUTH YORKSHIRE",286000,53.571744,-1.786292,1.0,LA
"HOLMFIRTH, WEST YORKSHIRE",212533,53.571744,-1.786292,1.0,LA
"HOLSWORTHY, CORNWALL",271880,50.80921499999999,-4.353993,5.0,W
"HOLSWORTHY, DEVON",227429,50.80921499999999,-4.353993,5.0,W
"HOLYHEAD, GWYNEDD",175250,53.2244355,-4.1475894,2.6,WDMLA
"HOLYHEAD, ISLE OF ANGLESEY",155665,53.309441,-4.633038,2.5,TDML
"HOLYHEAD, MERTHYR TYDFIL",219950,53.309441,-4.633038,2.5,TDML
"HOLYWELL, FLINTSHIRE",162808,53.27600899999999,-3.225103,2.0,TL
"HONITON, DEVON",236895,50.799468,-3.188683,1.6666666666666667,TLA
"HOOK, HAMPSHIRE",427541,51.280906,-0.9630429999999999,3.0,T
"HOOK, WOKINGHAM",855000,51.280906,-0.9630429999999999,3.0,T
"HORLEY, SURREY",351578,51.173516,-0.172109,3.0,WL
"HORLEY, WEST SUSSEX",515000,51.173516,-0.172109,3.0,WL
"HORNCASTLE, LINCOLNSHIRE",183320,53.207307,-0.11245,3.0,T
"HORNCHURCH, GREATER LONDON",345491,51.562254,0.218605,2.6666666666666665,WSTDLA
"HORNSEA, EAST RIDING OF YORKSHIRE",153602,53.9104,-0.173953,3.0,T
"HORSHAM, SURREY",523461,51.062883,-0.325858,3.0,WSL
"HORSHAM, WEST SUSSEX",356534,51.062883,-0.325858,3.0,WSL
"HOUGHTON LE SPRING, COUNTY DURHAM",163272,54.841016,-1.468691,1.0,L
"HOUGHTON LE SPRING, TYNE AND WEAR",151423,54.841016,-1.468691,1.0,L
"HOUNSLOW, GREATER LONDON",324417,51.46092179999999,-0.373149,2.7142857142857144,WSTDMLA
"HOVE, BRIGHTON AND HOVE",357807,50.8279319,-0.168749,2.6666666666666665,WSTMLA
"HOVE, EAST SUSSEX",164000,50.8279319,-0.168749,2.6666666666666665,WSTMLA
"HUDDERSFIELD, SOUTH YORKSHIRE",510000,53.645792,-1.7850351,2.2,STDLA
"HUDDERSFIELD, WEST YORKSHIRE",164961,53.645792,-1.7850351,2.2,STDLA
"HULL, CITY OF KINGSTON UPON HULL",120708,53.76762360000001,-0.3274198,2.3333333333333335,STDMLA
"HULL, EAST RIDING OF YORKSHIRE",171186,53.76762360000001,-0.3274198,2.3333333333333335,STDMLA
"HULL, NORTH EAST LINCOLNSHIRE",138495,53.5668201,-0.08150660000000001,2.2,STDLA
"HULL, NORTH LINCOLNSHIRE",143495,53.686675,-0.443368,2.0,TL
"HUNGERFORD, WEST BERKSHIRE",338818,51.41234499999999,-1.517995,3.0,T
"HUNGERFORD, WILTSHIRE",374899,51.41234499999999,-1.517995,3.0,T
"HUNSTANTON, NORFOLK",271075,52.9389139,0.491032,3.0,ST
"HUNTINGDON, BEDFORD",432961,52.33146,-0.182552,2.5,WSLA
"HUNTINGDON, CAMBRIDGESHIRE",241378,52.33146,-0.182552,2.5,WSLA
"HUNTINGDON, SUFFOLK",282500,52.33146,-0.182552,2.5,WSLA
"HYDE, GREATER MANCHESTER",147395,53.452977,-2.082786,2.0,DMLA
"HYTHE, KENT",303100,51.071739,1.081937,3.0,WSA
"ILFORD, GREATER LONDON",338678,51.556619,0.076251,2.2,STDLA
"ILFORD, THURROCK",296166,51.4934557,0.3529197,3.0,DM
"ILFRACOMBE, DEVON",211597,51.205163,-4.126761999999999,2.0,TL
"ILKESTON, BATH AND NORTH EAST SOMERSET",150000,52.970142,-1.306978,2.0,MA
"ILKESTON, DERBYSHIRE",152549,52.970142,-1.306978,2.0,MA
"ILKLEY, NORTH YORKSHIRE",548961,53.925486,-1.822817,3.0,T
"ILKLEY, WEST YORKSHIRE",311179,53.925486,-1.822817,3.0,T
"ILKLEY, YORK",168000,53.9030833,-1.8269166,3.0,T
"ILMINSTER, SOMERSET",250189,50.928494,-2.911062,3.0,T
"IMMINGHAM, LINCOLNSHIRE",92000,53.614012,-0.215913,1.0,A
"IMMINGHAM, NORTH EAST LINCOLNSHIRE",119922,53.614012,-0.215913,1.0,A
"IMMINGHAM, NORTH LINCOLNSHIRE",127250,53.614012,-0.215913,1.0,A
"IPSWICH, SUFFOLK",214335,52.056736,1.14822,2.2,SDMLA
"ISLEWORTH, GREATER LONDON",412963,51.467121,-0.329003,2.6666666666666665,WSDMLA
"IVER, BUCKINGHAMSHIRE",435710,51.5201939,-0.509572,1.6666666666666667,MLA
"IVER, SLOUGH",337000,51.5201939,-0.509572,1.6666666666666667,MLA
"JARROW, NORTHUMBERLAND",270000,54.980297,-1.482757,2.2,TDMLA
"JARROW, TYNE AND WEAR",124703,54.980297,-1.482757,2.2,TDMLA
"KEIGHLEY, NORTH YORKSHIRE",201602,53.867795,-1.912358,2.5,SDMA
"KEIGHLEY, WEST YORKSHIRE",157117,53.867795,-1.912358,2.5,SDMA
"KENDAL, CUMBRIA",223692,54.32800599999999,-2.74629,2.5,SDMA
"KENILWORTH, WARWICKSHIRE",314450,52.349557,-1.58073,4.0,WS
"KENILWORTH, WEST MIDLANDS",499236,52.3482086,-1.5921073,4.0,WS
"KENLEY, GREATER LONDON",415575,51.32633,-0.102494,3.0,WSA
"KENLEY, SURREY",434693,51.32633,-0.102494,3.0,WSA
"KESTON, GREATER LONDON",593634,51.3654502,0.0221778,3.0,WSL
"KESWICK, HARTLEPOOL",257000,54.6791969,-1.2209489,2.3333333333333335,STDMLA
"KETTERING, NORTHAMPTONSHIRE",190462,52.396322,-0.7302489999999999,2.2,SDMLA
"KIDDERMINSTER, SHROPSHIRE",244144,52.388596,-2.2496839,2.6,STDMA
"KIDDERMINSTER, STAFFORDSHIRE",350000,52.388596,-2.2496839,2.6,STDMA
"KIDDERMINSTER, WEST MIDLANDS",249950,52.3805925,-2.2850003,2.6,STDMA
"KIDDERMINSTER, WORCESTERSHIRE",187852,52.388596,-2.2496839,2.6,STDMA
"KIDLINGTON, OXFORDSHIRE",338727,51.823398,-1.290459,4.0,WS
"KIDLINGTON, SOUTH YORKSHIRE",410000,51.823398,-1.290459,4.0,WS
"KING'S LYNN, LINCOLNSHIRE",154000,52.7516798,0.4022963000000001,2.2,STMLA
"KING'S LYNN, NORFOLK",210518,52.7516798,0.4022963000000001,2.2,STMLA
"KINGS LANGLEY, HERTFORDSHIRE",462010,51.716249,-0.456157,2.0,SA
"KINGSBRIDGE, CITY OF PLYMOUTH",509975,50.283948,-3.777493,3.0,TM
"KINGSBRIDGE, DEVON",324585,50.283948,-3.777493,3.0,TM
"KINGSTON UPON THAMES, GREATER LONDON",484388,51.41233,-0.300689,2.6,WSDLA
"KINGSWINFORD, WEST MIDLANDS",192714,52.4981719,-2.169995,1.6666666666666667,MLA
"KNARESBOROUGH, NORTH YORKSHIRE",300808,54.011022,-1.47102,2.0,ML
"KNARESBOROUGH, YORK",155000,54.0087129,-1.4748464,2.3333333333333335,SML
"KNEBWORTH, HERTFORDSHIRE",388560,51.8655339,-0.182981,3.0,T
"KNOTTINGLEY, NORTH YORKSHIRE",178709,53.707105,-1.2437419,1.6666666666666667,MLA
"KNOTTINGLEY, WEST YORKSHIRE",112949,53.707105,-1.2437419,1.6666666666666667,MLA
"KNUTSFORD, CHESHIRE EAST",354096,53.3005939,-2.371833,2.0,SA
"KNUTSFORD, CHESHIRE WEST AND CHESTER",376361,53.3005939,-2.371833,2.0,SA
"LAMPETER, CARMARTHENSHIRE",169082,52.112903,-4.078508999999999,3.0,S
"LAMPETER, CEREDIGION",179664,52.112903,-4.078508999999999,3.0,S
"LANCASTER, LANCASHIRE",182290,54.046575,-2.8007399,2.0,SDLA
"LANCING, WEST SUSSEX",250722,50.828179,-0.328092,3.0,WSDML
"LAUNCESTON, CORNWALL",215752,50.636834,-4.3604516,2.0,TL
"LAUNCESTON, DEVON",197074,50.636834,-4.3604516,2.0,TL
"LEAMINGTON SPA, WARWICKSHIRE",284429,52.2851905,-1.5200789,2.3333333333333335,STDMLA
"LEATHERHEAD, GREATER LONDON",461000,51.29640699999999,-0.33112,3.0,WSTL
"LEATHERHEAD, SURREY",480440,51.29640699999999,-0.33112,3.0,WSTL
"LEDBURY, GLOUCESTERSHIRE",364071,52.033882,-2.423574,3.0,T
"LEDBURY, HEREFORDSHIRE",248712,52.033882,-2.423574,3.0,T
"LEDBURY, WORCESTERSHIRE",585000,52.033882,-2.423574,3.0,T
"LEE-ON-THE-SOLENT, HAMPSHIRE",262307,50.8020939,-1.202352,3.0,T
"LEEDS, NORTH YORKSHIRE",235787,53.8007554,-1.5490774,2.6666666666666665,WSDMLA
"LEEDS, WEST YORKSHIRE",183508,53.8007554,-1.5490774,2.6666666666666665,WSDMLA
"LEEK, STAFFORDSHIRE",165868,53.10915199999999,-2.023393,2.2,SDMLA
"LEICESTER, LEICESTER",159723,52.6368141,-1.1396014,2.3333333333333335,STDMLA
"LEICESTER, LEICESTERSHIRE",218991,52.6368778,-1.1397592,2.3333333333333335,STDMLA
"LEIGH, GREATER MANCHESTER",131566,53.496115,-2.518727,2.2,SDMLA
"LEIGH-ON-SEA, ESSEX",443865,51.5423959,0.6535069,2.5,WMLA
"LEIGH-ON-SEA, SOUTHEND-ON-SEA",302696,51.5474028,0.6472768999999999,2.5,WMLA
"LEIGHTON BUZZARD, BEDFORD",213250,51.9196839,-0.6606569999999999,3.0,WTMA
"LEIGHTON BUZZARD, BUCKINGHAMSHIRE",378661,51.9196839,-0.6606569999999999,3.0,WTMA
"LEIGHTON BUZZARD, CENTRAL BEDFORDSHIRE",255259,51.9196839,-0.6606569999999999,3.0,WTMA
"LEIGHTON BUZZARD, LUTON",250000,51.9196839,-0.6606569999999999,3.0,WTMA
"LEOMINSTER, HEREFORDSHIRE",220796,52.2257,-2.742772,2.0,MA
"LETCHWORTH GARDEN CITY, HERTFORDSHIRE",301249,51.979074,-0.226624,2.0,SMLA
"LEWES, BRIGHTON AND HOVE",71562,50.87387200000001,0.00878,3.0,WTA
"LEWES, EAST SUSSEX",395444,50.87387200000001,0.00878,3.0,WTA
"LEYBURN, YORK",390000,53.9461089,-1.0517718,2.6666666666666665,WSDMLA
"LEYLAND, GREATER MANCHESTER",194995,53.4195298,-2.2172504,2.5,STMA
"LEYLAND, LANCASHIRE",176310,53.697931,-2.695478,2.3333333333333335,STDMLA
"LICHFIELD, STAFFORDSHIRE",258323,52.681602,-1.831672,2.5,WMLA
"LIGHTWATER, SURREY",429949,51.3491744,-0.6754844999999999,5.0,W
"LINCOLN, CORNWALL",366000,53.230688,-0.5405789999999999,2.6666666666666665,WTDMLA
"LINCOLN, LINCOLNSHIRE",176188,53.230688,-0.5405789999999999,2.6666666666666665,WTDMLA
"LIPHOOK, HAMPSHIRE",399581,51.07661,-0.801777,4.0,WS
"LIPHOOK, WEST SUSSEX",541898,51.07661,-0.801777,4.0,WS
"LISKEARD, CORNWALL",192365,50.45552,-4.464719,2.0,MA
"LITTLEBOROUGH, GREATER MANCHESTER",148741,53.646141,-2.093367,1.0,L
"LITTLEHAMPTON, WEST SUSSEX",271043,50.811057,-0.5386609,2.2,STMLA
"LIVERPOOL, HALTON",207474,53.33172099999999,-2.695822,1.6666666666666667,DLA
"LIVERPOOL, LANCASHIRE",309929,53.4083714,-2.9915726,2.2,STDLA
"LIVERPOOL, MERSEYSIDE",159561,53.4083714,-2.9915726,2.2,STDLA
"LIVERSEDGE, WEST YORKSHIRE",157326,53.709984,-1.697018,2.3333333333333335,TML
"LLANDRINDOD WELLS, POWYS",175797,52.24169999999999,-3.377742,2.0,TA
"LLANDUDNO JUNCTION, CONWY",166183,53.286781,-3.807032,2.3333333333333335,TDA
"LLANDUDNO JUNCTION, GWYNEDD",110500,53.324061,-3.827609,2.0,DA
"LLANDUDNO JUNCTION, POWYS",101560,53.286781,-3.807032,2.3333333333333335,TDA
"LLANDUDNO, CONWY",179004,53.324061,-3.827609,2.0,DA
"LLANDUDNO, GWYNEDD",280000,53.324061,-3.827609,2.0,DA
"LLANELLI, CARMARTHENSHIRE",136174,51.680886,-4.160248,2.0,DMLA
"LLANELLI, SWANSEA",79500,51.62144,-3.943645999999999,2.2,STMLA
"LLANFAIRPWLLGWYNGYLL, GWYNEDD",95000,53.2246219,-4.197995,5.0,W
"LLANFAIRPWLLGWYNGYLL, ISLE OF ANGLESEY",183652,53.2246219,-4.197995,5.0,W
"LLANGEFNI, GWYNEDD",210000,53.255785,-4.311402,1.6666666666666667,DLA
"LLANGEFNI, ISLE OF ANGLESEY",165085,53.255785,-4.311402,1.6666666666666667,DLA
"LLANGOLLEN, DENBIGHSHIRE",209767,52.969215,-3.17166,1.0,A
"LLANGOLLEN, WREXHAM",176677,52.969215,-3.17166,1.0,A
"LONDON, ESSEX",357439,51.64341930000001,0.079493,3.0,WSMA
"LONDON, GREATER LONDON",462671,51.5073509,-0.1277583,3.0,WSTML
"LONGFIELD, KENT",378185,51.3983789,0.3020645,5.0,W
"LOUGHBOROUGH, LEICESTER",182392,52.772099,-1.206166,2.2,STMLA
"LOUGHBOROUGH, LEICESTERSHIRE",205023,52.772099,-1.206166,2.2,STMLA
"LOUGHBOROUGH, NOTTINGHAMSHIRE",263005,52.772099,-1.206166,2.2,STMLA
"LOUGHTON, ESSEX",412633,51.655942,0.068161,2.3333333333333335,SMA
"LOUTH, LINCOLNSHIRE",173712,53.365962,-0.007710999999999999,2.0,MA
"LOWESTOFT, SUFFOLK",164749,52.48113799999999,1.753449,2.2,TDMLA
"LUDLOW, HEREFORDSHIRE",312385,52.06131,-2.697658,2.7142857142857144,WSTDMLA
"LUDLOW, SHROPSHIRE",232075,52.367749,-2.7139129,2.0,TA
"LUTON, BEDFORD",230166,51.8786707,-0.4200255,2.0,SDLA
"LUTON, HERTFORDSHIRE",407204,51.8786707,-0.4200255,2.0,SDLA
"LUTON, LUTON",205146,51.8788506,-0.4201306,2.0,SDLA
"LUTTERWORTH, LEICESTER",255267,52.45599499999999,-1.199159,4.0,WM
"LUTTERWORTH, LEICESTERSHIRE",276595,52.45599499999999,-1.199159,4.0,WM
"LUTTERWORTH, WARWICKSHIRE",630000,52.45599499999999,-1.199159,4.0,WM
"LYDNEY, GLOUCESTERSHIRE",205346,51.72913,-2.530504,3.0,T
"LYMINGTON, HAMPSHIRE",389865,50.758531,-1.5419099,5.0,W
"LYMM, CHESHIRE EAST",557200,53.381724,-2.480044,3.0,S
"LYMM, GREATER MANCHESTER",466340,53.381724,-2.480044,3.0,S
"LYMM, WARRINGTON",306410,53.381724,-2.480044,3.0,S
"LYTHAM ST ANNES, BLACKPOOL",138333,53.756629,-3.0213193,2.0,SMLA
"LYTHAM ST ANNES, LANCASHIRE",216464,53.756629,-3.0213193,2.0,SMLA
"MABLETHORPE, LINCOLNSHIRE",140456,53.34088200000001,0.261071,1.0,LA
"MACCLESFIELD, CHESHIRE EAST",234783,53.258663,-2.119287,2.3333333333333335,STA
"MACCLESFIELD, STAFFORDSHIRE",445583,53.258663,-2.119287,2.3333333333333335,STA
"MAESTEG, BRIDGEND",118173,51.60856200000001,-3.660466,2.3333333333333335,TDA
"MAIDENHEAD, BUCKINGHAMSHIRE",448930,51.522414,-0.7219,3.0,WSTL
"MAIDENHEAD, SLOUGH",395191,51.522414,-0.7219,3.0,WSTL
"MAIDENHEAD, WEST BERKSHIRE",550000,51.522414,-0.7219,3.0,WSTL
"MAIDENHEAD, WINDSOR AND MAIDENHEAD",431291,51.522414,-0.7219,3.0,WSTL
"MAIDSTONE, KENT",272227,51.270363,0.522699,2.6666666666666665,WSTMLA
"MALDON, ESSEX",296913,51.73180499999999,0.6714479999999999,2.0,DMLA
"MALMESBURY, WILTSHIRE",337083,51.586357,-2.102834,5.0,W
"MALTON, NORTH YORKSHIRE",203924,54.136836,-0.7978970000000001,2.3333333333333335,DML
"MALTON, YORK",305000,53.9679277,-1.0654138,2.6666666666666665,WSDMLA
"MALVERN, GLOUCESTERSHIRE",328000,51.8701139,-2.2479195,2.3333333333333335,STDMLA
"MALVERN, WEST MIDLANDS",712000,52.1366184,-2.3199774,3.0,WML
"MALVERN, WORCESTERSHIRE",243303,52.1366184,-2.3199774,3.0,WML
"MANCHESTER, GREATER MANCHESTER",164380,53.4807593,-2.2426305,2.3333333333333335,STDMLA
"MANSFIELD, DERBYSHIRE",112565,53.147195,-1.198674,2.5,SDMA
"MANSFIELD, NOTTINGHAMSHIRE",142084,53.147195,-1.198674,2.5,SDMA
"MARCH, CAMBRIDGESHIRE",176865,52.551716,0.08862199999999999,2.3333333333333335,STL
"MARGATE, KENT",188588,51.38964600000001,1.3868339,2.3333333333333335,DMA
"MARKET DRAYTON, SHROPSHIRE",210980,52.903552,-2.483485,3.0,WDL
"MARKET DRAYTON, STAFFORDSHIRE",253785,52.903552,-2.483485,3.0,WDL
"MARKET HARBOROUGH, LEICESTER",256375,52.4812654,-0.9248322000000001,2.5,WSLA
"MARKET HARBOROUGH, LEICESTERSHIRE",258829,52.475769,-0.9215169999999999,2.5,WSLA
"MARKET HARBOROUGH, NORTHAMPTONSHIRE",338785,52.475769,-0.9215169999999999,2.5,WSLA
"MARKET HARBOROUGH, RUTLAND",245839,52.475769,-0.9215169999999999,2.5,WSLA
"MARKET RASEN, LINCOLNSHIRE",184084,53.387762,-0.333285,3.0,T
"MARKET RASEN, NORTH EAST LINCOLNSHIRE",393333,53.387762,-0.333285,3.0,T
"MARKET RASEN, NORTH LINCOLNSHIRE",190625,53.387762,-0.333285,3.0,T
"MARLBOROUGH, HAMPSHIRE",580000,51.2648994,-0.8235355999999999,3.5,WSTM
"MARLBOROUGH, SWINDON",501000,51.5571245,-1.7952186,2.6,WSDLA
"MARLBOROUGH, WILTSHIRE",395526,51.420073,-1.727062,4.0,WT
"MARLOW, BUCKINGHAMSHIRE",502683,51.5719443,-0.7769421999999999,4.0,WS
"MARLOW, WINDSOR AND MAIDENHEAD",563104,51.5719443,-0.7769421999999999,4.0,WS
"MARYPORT, CUMBRIA",137702,54.714441,-3.49494,1.0,L
"MATLOCK, DERBYSHIRE",228573,53.137156,-1.551774,3.0,S
"MELKSHAM, WILTSHIRE",221971,51.370447,-2.137629,2.6,WSDLA
"MELTON MOWBRAY, LEICESTER",222125,52.766404,-0.887126,2.2,STMLA
"MELTON MOWBRAY, LEICESTERSHIRE",209822,52.766404,-0.887126,2.2,STMLA
"MELTON MOWBRAY, NOTTINGHAMSHIRE",407801,52.766404,-0.887126,2.2,STMLA
"MELTON MOWBRAY, RUTLAND",300000,52.766404,-0.887126,2.2,STMLA
"MENAI BRIDGE, GWYNEDD",190000,53.2399763,-4.0803271,1.0,A
"MENAI BRIDGE, ISLE OF ANGLESEY",217813,53.222607,-4.165577,2.6,WDMLA
"MERTHYR TYDFIL, MERTHYR TYDFIL",124866,51.74872999999999,-3.381646,1.6666666666666667,DLA
"MERTHYR TYDFIL, NEWPORT",220000,51.5887021,-3.0011421,2.2,SDMLA
"MERTHYR TYDFIL, POWYS",396400,51.74872999999999,-3.381646,1.6666666666666667,DLA
"MERTHYR TYDFIL, RHONDDA CYNON TAFF",146500,51.74872999999999,-3.381646,1.6666666666666667,DLA
"MEXBOROUGH, SOUTH YORKSHIRE",126782,53.493099,-1.280452,2.0,DL
"MIDDLESBROUGH, HARTLEPOOL",112450,54.574227,-1.234956,2.2,SDMLA
"MIDDLESBROUGH, MIDDLESBROUGH",156646,54.574227,-1.234956,2.2,SDMLA
"MIDDLESBROUGH, NORTH YORKSHIRE",252101,54.574227,-1.234956,2.2,SDMLA
"MIDDLESBROUGH, REDCAR AND CLEVELAND",136990,54.574227,-1.234956,2.2,SDMLA
"MIDDLESBROUGH, STOCKTON-ON-TEES",236923,54.574227,-1.234956,2.2,SDMLA
"MIDDLEWICH, CHESHIRE EAST",171792,53.19256499999999,-2.443833,2.0,ML
"MIDDLEWICH, CHESHIRE WEST AND CHESTER",367877,53.19256499999999,-2.443833,2.0,ML
"MILFORD HAVEN, PEMBROKESHIRE",138844,51.714306,-5.0426971,2.0,TL
"MILLOM, CUMBRIA",133942,54.2106147,-3.2718854,3.0,T
"MILTON KEYNES, BUCKINGHAMSHIRE",394764,52.0406224,-0.7594171,2.6666666666666665,WSDMLA
"MILTON KEYNES, CENTRAL BEDFORDSHIRE",414379,52.0354228,-0.3605048,3.0,M
"MILTON KEYNES, MILTON KEYNES",256305,52.0406224,-0.7594171,2.6666666666666665,WSDMLA
"MILTON KEYNES, NORTHAMPTONSHIRE",309445,52.0406224,-0.7594171,2.6666666666666665,WSDMLA
"MINEHEAD, SOMERSET",229805,51.20428,-3.481152,2.3333333333333335,TML
"MIRFIELD, WEST YORKSHIRE",177716,53.680122,-1.696713,1.0,L
"MITCHAM, GREATER LONDON",311032,51.402869,-0.166709,2.2,SDMLA
"MOLD, BUCKINGHAMSHIRE",375000,51.6235712,-0.771973,2.7142857142857144,WSTDMLA
"MOLD, CONWY",775000,53.167203,-3.141903,1.6666666666666667,TLA
"MOLD, FLINTSHIRE",189819,53.167203,-3.141903,1.6666666666666667,TLA
"MOLD, WREXHAM",103000,53.0526226,-3.0061652,2.2,SDMLA
"MONMOUTH, CONWY",545000,51.8116533,-2.7163045,3.0,WL
"MONMOUTH, GLOUCESTERSHIRE",192306,51.8116533,-2.7163045,3.0,WL
"MONMOUTH, HEREFORDSHIRE",348338,51.8116533,-2.7163045,3.0,WL
"MONMOUTH, MONMOUTHSHIRE",269865,51.8116533,-2.7163045,3.0,WL
"MORDEN, GREATER LONDON",362680,51.394943,-0.19446,2.6666666666666665,WSDMLA
"MORECAMBE, CUMBRIA",165000,54.0840252,-2.8594133,2.2,SDMLA
"MORECAMBE, GREATER MANCHESTER",115000,53.5018417,-2.1845108,2.2,TDMLA
"MORECAMBE, LANCASHIRE",140094,54.074166,-2.864968,2.2,SDMLA
"MORETON-IN-MARSH, GLOUCESTERSHIRE",321249,51.9914181,-1.7028526,1.0,A
"MORETON-IN-MARSH, SOUTH GLOUCESTERSHIRE",481950,51.9914181,-1.7028526,1.0,A
"MORETON-IN-MARSH, WARWICKSHIRE",379072,51.9914181,-1.7028526,1.0,A
"MORPETH, NORTHUMBERLAND",219017,55.16875,-1.687493,2.0,ML
"NANTWICH, CHESHIRE EAST",236508,53.06718499999999,-2.524102,2.3333333333333335,SMA
"NEATH, CARDIFF",159995,51.4804246,-3.1497202,2.2,SDMLA
"NEATH, NEATH PORT TALBOT",135263,51.656991,-3.805476,2.3333333333333335,TML
"NEATH, SWANSEA",91000,51.62144,-3.943645999999999,2.2,STMLA
"NELSON, LANCASHIRE",136458,53.835187,-2.219377,2.3333333333333335,DML
"NESTON, CHESHIRE WEST AND CHESTER",249695,53.290584,-3.069102,2.0,SA
"NESTON, MERSEYSIDE",379600,53.290584,-3.069102,2.0,SA
"NEW MALDEN, GREATER LONDON",468400,51.40066299999999,-0.259263,2.6,WSDLA
"NEW MILTON, HAMPSHIRE",313918,50.7531235,-1.6550806,2.3333333333333335,TML
"NEW ROMNEY, KENT",246264,50.985117,0.9394730000000001,3.0,S
"NEWARK, CITY OF NOTTINGHAM",150000,52.9511323,-1.1342888,2.0,SDLA
"NEWARK, LINCOLNSHIRE",269949,53.0776861,-0.8128297,2.6,WDMLA
"NEWARK, NOTTINGHAMSHIRE",181753,53.0700391,-0.80657,2.6,WDMLA
"NEWBURY, HAMPSHIRE",430796,51.401409,-1.3231139,2.6,WSTLA
"NEWBURY, WEST BERKSHIRE",315795,51.401409,-1.3231139,2.6,WSTLA
"NEWCASTLE UPON TYNE, NORTHUMBERLAND",348145,54.9812232,-1.7765753,3.0,S
"NEWCASTLE UPON TYNE, TYNE AND WEAR",179823,54.978252,-1.61778,2.6666666666666665,WTDMLA
"NEWCASTLE, STAFFORDSHIRE",155919,53.013208,-2.2273002,2.3333333333333335,STDMLA
"NEWCASTLE, STOKE-ON-TRENT",165625,53.013208,-2.2273002,2.3333333333333335,STDMLA
"NEWCASTLE, TYNE AND WEAR",165000,54.978252,-1.61778,2.6666666666666665,WTDMLA
"NEWHAVEN, EAST SUSSEX",225170,50.79307000000001,0.045574,2.0,SL
"NEWMARKET, CAMBRIDGESHIRE",375206,52.24487999999999,0.407962,3.6666666666666665,WTD
"NEWMARKET, SUFFOLK",262041,52.24487999999999,0.407962,3.6666666666666665,WTD
"NEWPORT PAGNELL, MILTON KEYNES",265875,52.084585,-0.734583,5.0,W
"NEWPORT, BLAENAU GWENT",81113,51.7875779,-3.2043931,2.2,TDMLA
"NEWPORT, CAERPHILLY",119104,51.578829,-3.218134,2.2,TDMLA
"NEWPORT, CARDIFF",251166,51.584151,-2.997664,2.2,SDMLA
"NEWPORT, GWYNEDD",108276,51.584151,-2.997664,2.2,SDMLA
"NEWPORT, ISLE OF WIGHT",200094,50.700803,-1.291633,2.5,SDML
"NEWPORT, MONMOUTHSHIRE",438463,51.584151,-2.997664,2.2,SDMLA
"NEWPORT, NEWPORT",164846,51.584151,-2.997664,2.2,SDMLA
"NEWPORT, RHONDDA CYNON TAFF",199995,51.584151,-2.997664,2.2,SDMLA
"NEWPORT, SHROPSHIRE",328928,52.7685559,-2.375587,2.3333333333333335,WLA
"NEWPORT, STAFFORDSHIRE",359749,52.7685559,-2.375587,2.3333333333333335,WLA
"NEWPORT, TORFAEN",252570,51.584151,-2.997664,2.2,SDMLA
"NEWPORT, WREKIN",220323,52.7685559,-2.375587,2.3333333333333335,WLA
"NEWQUAY, CORNWALL",240102,50.41549699999999,-5.073719,2.2,SDMLA
"NEWTON ABBOT, CITY OF PLYMOUTH",299500,50.3754565,-4.1426565,2.0,SMLA
"NEWTON ABBOT, DEVON",245588,50.52890499999999,-3.608359999999999,2.2,STDLA
"NEWTON ABBOT, TORBAY",330166,50.52890499999999,-3.608359999999999,2.2,STDLA
"NEWTON AYCLIFFE, COUNTY DURHAM",129144,54.61598799999999,-1.575577,2.3333333333333335,STA
"NEWTON AYCLIFFE, DARLINGTON",209306,54.61598799999999,-1.575577,2.3333333333333335,STA
"NEWTON-LE-WILLOWS, GREATER MANCHESTER",350000,53.452889,-2.63508,2.0,TA
"NEWTON-LE-WILLOWS, MERSEYSIDE",148798,53.452889,-2.63508,2.0,TA
"NEWTOWN, POWYS",165420,52.51211199999999,-3.313106,2.3333333333333335,TML
"NORMANTON, WEST YORKSHIRE",139481,53.700876,-1.417148,2.0,DL
"NORTH SHIELDS, TYNE AND WEAR",175522,55.010762,-1.449138,2.0,DMLA
"NORTH WALSHAM, NORFOLK",204179,52.822699,1.3859729,3.0,WSL
"NORTHALLERTON, NORTH YORKSHIRE",220395,54.337961,-1.429959,3.0,STD
"NORTHAMPTON, LEICESTER",177500,52.2461133,-0.8981156,2.6666666666666665,WSDMLA
"NORTHAMPTON, NORTHAMPTONSHIRE",217950,52.240477,-0.9026560000000001,2.6666666666666665,WSDMLA
"NORTHOLT, GREATER LONDON",303309,51.546615,-0.373103,2.6,WSDLA
"NORTHWICH, CHESHIRE EAST",370861,53.1610446,-2.2185932,2.3333333333333335,TMA
"NORTHWICH, CHESHIRE WEST AND CHESTER",212359,53.25868029999999,-2.5181321,2.6666666666666665,WSTDLA
"NORTHWICH, HALTON",166500,53.25868029999999,-2.5181321,2.6666666666666665,WSTDLA
"NORTHWOOD, GREATER LONDON",486781,51.61028899999999,-0.428278,4.0,WT
"NORTHWOOD, HERTFORDSHIRE",726083,51.61028899999999,-0.428278,4.0,WT
"NORWICH, NORFOLK",227247,52.6308859,1.297355,2.2,SDMLA
"NOTTINGHAM, CITY OF NOTTINGHAM",144709,52.95478319999999,-1.1581086,2.0,SDLA
"NOTTINGHAM, DERBYSHIRE",146381,53.2638782,-1.4390588,2.2,SDMLA
"NOTTINGHAM, NOTTINGHAMSHIRE",192972,52.95478319999999,-1.1581086,2.0,SDLA
"NUNEATON, LEICESTERSHIRE",272933,52.520489,-1.465382,2.0,SDLA
"NUNEATON, WARWICKSHIRE",168366,52.520489,-1.465382,2.0,SDLA
"OAKHAM, LEICESTER",249995,52.67104,-0.7287043,1.6666666666666667,TLA
"OAKHAM, LEICESTERSHIRE",469398,52.6695629,-0.726625,1.6666666666666667,TLA
"OAKHAM, RUTLAND",269543,52.6695629,-0.726625,1.6666666666666667,TLA
"OKEHAMPTON, CITY OF PLYMOUTH",140000,50.738308,-4.004263,3.0,WL
"OKEHAMPTON, DEVON",231404,50.738308,-4.004263,3.0,WL
"OLDBURY, WEST MIDLANDS",139864,52.504923,-2.015907,2.0,SDLA
"OLDHAM, GREATER MANCHESTER",148927,53.5409298,-2.1113659,2.2,STDLA
"OLNEY, MILTON KEYNES",334922,52.15473799999999,-0.7013779,3.0,S
"ONGAR, ESSEX",381198,51.7095315,0.2427558,3.0,S
"ORMSKIRK, GREATER MANCHESTER",153495,53.5364817,-2.664745,2.2,SDMLA
"ORMSKIRK, LANCASHIRE",230544,53.568935,-2.885057,1.6666666666666667,MLA
"ORPINGTON, GREATER LONDON",392268,51.374843,0.09421399999999999,3.0,WSML
"ORPINGTON, KENT",592844,51.374843,0.09421399999999999,3.0,WSML
"OSSETT, WEST YORKSHIRE",156253,53.681091,-1.578877,1.0,L
"OSWESTRY, POWYS",215281,52.857148,-3.056412,2.0,SMLA
"OSWESTRY, SHROPSHIRE",189173,52.857148,-3.056412,2.0,SMLA
"OSWESTRY, WREXHAM",365833,53.0466957,-2.9967195,2.2,SDMLA
"OTLEY, NORTH YORKSHIRE",425881,53.905825,-1.691786,3.0,WSDA
"OTLEY, WEST YORKSHIRE",234218,53.905825,-1.691786,3.0,WSDA
"OTTERY ST MARY, DEVON",331155,50.75117820000001,-3.279352,3.0,S
"OXFORD, OXFORDSHIRE",390044,51.7520209,-1.2577263,3.0,WSA
"OXTED, SURREY",463162,51.255714,-3e-06,3.0,M
"PADSTOW, CORNWALL",362012,50.54206199999999,-4.939017,3.0,T
"PAIGNTON, DEVON",265740,50.43508,-3.564235,2.2,SDMLA
"PAIGNTON, TORBAY",197458,50.43508,-3.564235,2.2,SDMLA
"PEACEHAVEN, GREATER LONDON",246000,51.5793255,-0.233005,2.7142857142857144,WSTDMLA
"PEMBROKE DOCK, PEMBROKESHIRE",141860,51.691894,-4.943763,2.0,TDLA
"PEMBROKE, PEMBROKESHIRE",175304,51.674043,-4.908637,2.3333333333333335,TDA
"PENARTH, CARDIFF",394166,51.438798,-3.173507,2.5,TDMA
"PENARTH, THE VALE OF GLAMORGAN",262140,51.438798,-3.173507,2.5,TDMA
"PENRITH, CUMBRIA",211152,54.664097,-2.752708,2.3333333333333335,SMA
"PENRYN, CORNWALL",211608,50.169173,-5.107088000000001,2.3333333333333335,SDL
"PENTRE, RHONDDA CYNON TAFF",97219,51.654745,-3.491629,1.0,L
"PENZANCE, CORNWALL",230002,50.118798,-5.537592,2.5,STML
"PERSHORE, WORCESTERSHIRE",278024,52.109994,-2.074814,3.0,D
"PETERBOROUGH, CAMBRIDGESHIRE",198279,52.56949849999999,-0.2405299,2.6666666666666665,WSDMLA
"PETERBOROUGH, CITY OF PETERBOROUGH",176051,52.56949849999999,-0.2405299,2.6666666666666665,WSDMLA
"PETERBOROUGH, LINCOLNSHIRE",219281,52.6318762,-0.2975332,2.0,TL
"PETERBOROUGH, NORTHAMPTONSHIRE",315632,52.2284216,-0.8548549999999999,2.6666666666666665,WSDMLA
"PETERLEE, COUNTY DURHAM",122935,54.762441,-1.32895,1.6666666666666667,DLA
"PETERSFIELD, HAMPSHIRE",379877,51.007591,-0.93899,3.0,WTL
"PETERSFIELD, WEST SUSSEX",458610,51.007591,-0.93899,3.0,WTL
"PEVENSEY, EAST SUSSEX",264942,50.8209317,0.3397311,3.0,D
"PICKERING, NORTH YORKSHIRE",222862,54.243925,-0.7775529999999999,1.0,L
"PINNER, GREATER LONDON",511478,51.595172,-0.378002,2.7142857142857144,WSTDMLA
"PLYMOUTH, CITY OF PLYMOUTH",179401,50.3754565,-4.1426565,2.0,SMLA
"PLYMOUTH, DEVON",297540,50.3754565,-4.1426565,2.0,SMLA
"POLEGATE, EAST SUSSEX",263891,50.824012,0.243813,1.0,LA
"PONTEFRACT, NORTH YORKSHIRE",313715,53.702866,-1.2730274,2.2,TDMLA
"PONTEFRACT, SOUTH YORKSHIRE",239950,53.691688,-1.308648,2.5,TDMA
"PONTEFRACT, WEST YORKSHIRE",148946,53.691688,-1.308648,2.5,TDMA
"PONTYCLUN, RHONDDA CYNON TAFF",180552,51.521579,-3.393295,1.0,A
"PONTYCLUN, SWANSEA",153000,51.62520689999999,-3.9412192,2.2,STMLA
"PONTYCLUN, THE VALE OF GLAMORGAN",373116,51.5332775,-3.3790262,1.0,A
"PONTYPOOL, MONMOUTHSHIRE",263104,51.700369,-3.045268,3.0,T
"PONTYPOOL, NEATH PORT TALBOT",145000,51.700369,-3.045268,3.0,T
"PONTYPOOL, NEWPORT",155000,51.700369,-3.045268,3.0,T
"PONTYPOOL, TORFAEN",140581,51.700369,-3.045268,3.0,T
"PONTYPRIDD, CAERPHILLY",243375,51.578829,-3.218134,2.2,TDMLA
"PONTYPRIDD, CONWY",69006,51.60077399999999,-3.342314,2.0,SL
"PONTYPRIDD, PEMBROKESHIRE",92500,51.60077399999999,-3.342314,2.0,SL
"PONTYPRIDD, RHONDDA CYNON TAFF",146335,51.60077399999999,-3.342314,2.0,SL
"POOLE, BOURNEMOUTH",178500,50.71505,-1.987248,2.0,SDLA
"POOLE, DORSET",271615,50.71505,-1.987248,2.0,SDLA
"POOLE, POOLE",282759,50.71505,-1.987248,2.0,SDLA
"PORT TALBOT, CEREDIGION",90000,51.5946799,-3.784097,2.0,TMLA
"PORT TALBOT, CONWY",110000,51.5946799,-3.784097,2.0,TMLA
"PORT TALBOT, NEATH PORT TALBOT",117011,51.5946799,-3.784097,2.0,TMLA
"PORT TALBOT, SWANSEA",86000,51.62144,-3.943645999999999,2.2,STMLA
"PORTH, BRIDGEND",81749,51.613554,-3.407184,1.6666666666666667,MLA
"PORTH, RHONDDA CYNON TAFF",120652,51.613554,-3.407184,1.6666666666666667,MLA
"PORTH, WREXHAM",123995,51.613554,-3.407184,1.6666666666666667,MLA
"PORTHMADOG, CAERPHILLY",235000,51.576089,-3.220249,2.2,TDMLA
"PORTHMADOG, GWYNEDD",174386,52.927842,-4.133384,1.6666666666666667,TLA
"PORTLAND, DORSET",179373,50.5475363,-2.4343209,3.0,T
"PORTLAND, POOLE",136950,50.7513904,-1.9279522,2.6666666666666665,WSTDLA
"PORTSMOUTH, HAMPSHIRE",241663,50.8197675,-1.0879769,2.3333333333333335,STDMLA
"PORTSMOUTH, PORTSMOUTH",196583,50.8197675,-1.0879769,2.3333333333333335,STDMLA
"POTTERS BAR, HERTFORDSHIRE",425502,51.696636,-0.175948,3.6666666666666665,WST
"POULTON-LE-FYLDE, BLACKPOOL",161681,53.843964,-2.986281,1.0,LA
"POULTON-LE-FYLDE, LANCASHIRE",187442,53.843964,-2.986281,1.0,LA
"PRENTON, MERSEYSIDE",178466,53.371416,-3.0390229,2.0,SDLA
"PRESCOT, HALTON",150000,53.428674,-2.804564,3.0,D
"PRESCOT, MERSEYSIDE",152978,53.428674,-2.804564,3.0,D
"PRESTATYN, DENBIGHSHIRE",145182,53.336512,-3.407613,1.6666666666666667,TLA
"PRESTATYN, FLINTSHIRE",147100,53.336512,-3.407613,1.6666666666666667,TLA
"PRESTON, BLACKBURN WITH DARWEN",225000,53.763201,-2.70309,2.6666666666666665,WSDMLA
"PRESTON, GREATER MANCHESTER",232082,53.4575955,-2.1578377,2.3333333333333335,STDMLA
"PRESTON, LANCASHIRE",177994,53.763201,-2.70309,2.6666666666666665,WSDMLA
"PRINCES RISBOROUGH, BUCKINGHAMSHIRE",437554,51.724376,-0.834518,3.0,T
"PRUDHOE, NORTHUMBERLAND",171747,54.962199,-1.84723,3.0,T
"PRUDHOE, TYNE AND WEAR",318000,54.962199,-1.84723,3.0,T
"PUDSEY, WEST YORKSHIRE",176804,53.795766,-1.6761082,2.3333333333333335,DML
"PULBOROUGH, WEST SUSSEX",421683,50.957304,-0.510671,3.0,S
"PURLEY, GREATER LONDON",427775,51.339228,-0.119711,2.6,WSMLA
"PWLLHELI, GWYNEDD",224448,52.888816,-4.4176339,2.0,DL
"QUEENBOROUGH, KENT",148115,51.4172853,0.7470207,2.3333333333333335,TMA
"RADSTOCK, BATH AND NORTH EAST SOMERSET",208436,51.29201699999999,-2.446092,2.0,SL
"RADSTOCK, NORTH SOMERSET",200750,51.29201699999999,-2.446092,2.0,SL
"RADSTOCK, SOMERSET",291352,51.29201699999999,-2.446092,2.0,SL
"RAINHAM, ESSEX",330000,51.517732,0.194831,2.0,TDLA
"RAINHAM, GREATER LONDON",277493,51.517732,0.194831,2.0,TDLA
"RAMSGATE, KENT",194285,51.335545,1.419895,2.6666666666666665,WSTDLA
"RAYLEIGH, ESSEX",303844,51.586385,0.6048709999999999,2.3333333333333335,SDL
"READING, BRACKNELL FOREST",470000,51.41604,-0.75398,3.0,WSTMA
"READING, HAMPSHIRE",503488,51.4542645,-0.9781303,2.6666666666666665,WSDMLA
"READING, OXFORDSHIRE",483443,51.4542645,-0.9781303,2.6666666666666665,WSDMLA
"READING, READING",284698,51.4542645,-0.9781303,2.6666666666666665,WSDMLA
"READING, WEST BERKSHIRE",378264,51.4542645,-0.9781303,2.6666666666666665,WSDMLA
"READING, WINDSOR AND MAIDENHEAD",614384,51.522414,-0.7219,3.0,WSTL
"READING, WOKINGHAM",378557,51.4542645,-0.9781303,2.6666666666666665,WSDMLA
"REDCAR, REDCAR AND CLEVELAND",140149,54.5974636,-1.0779515,2.5,TDMA
"REDDITCH, WARWICKSHIRE",390343,52.30897,-1.940936,2.2,SDMLA
"REDDITCH, WORCESTERSHIRE",196489,52.30897,-1.940936,2.2,SDMLA
"REDHILL, SURREY",334470,51.239208,-0.16988,3.6666666666666665,WSM
"REDRUTH, CORNWALL",181503,50.233022,-5.226666,2.0,TMLA
"REIGATE, SURREY",431377,51.237276,-0.205883,3.6666666666666665,WSM
"RETFORD, NOTTINGHAMSHIRE",177123,53.32135599999999,-0.9455030000000001,2.3333333333333335,DMA
"RHYL, CONWY",132380,53.31914099999999,-3.491634,2.5,SDMA
"RHYL, DENBIGHSHIRE",132710,53.31914099999999,-3.491634,2.5,SDMA
"RHYL, FLINTSHIRE",166720,53.3068821,-3.3665917,1.0,A
"RICHMOND, COUNTY DURHAM",315630,54.403465,-1.732618,1.6666666666666667,TLA
"RICHMOND, GREATER LONDON",565055,51.46131099999999,-0.303742,3.5,WSDM
"RICHMOND, NORTH YORKSHIRE",228965,54.403465,-1.732618,1.6666666666666667,TLA
"RICKMANSWORTH, BUCKINGHAMSHIRE",561136,51.638763,-0.4741309999999999,4.0,WT
"RICKMANSWORTH, GREATER LONDON",321166,51.638763,-0.4741309999999999,4.0,WT
"RICKMANSWORTH, HERTFORDSHIRE",468965,51.638763,-0.4741309999999999,4.0,WT
"RINGWOOD, DORSET",479177,50.844949,-1.788817,3.0,WSL
"RINGWOOD, HAMPSHIRE",332481,50.844949,-1.788817,3.0,WSL
"RIPLEY, DERBYSHIRE",150798,53.05281900000001,-1.405792,2.0,SL
"RIPLEY, GREATER MANCHESTER",97000,53.5438031,-2.0588581,3.0,TD
"RIPON, NORTH YORKSHIRE",252932,54.1361346,-1.5237756,2.3333333333333335,SMA
"RIPON, YORK",210000,54.1361346,-1.5237756,2.3333333333333335,SMA
"ROCHDALE, GREATER MANCHESTER",150799,53.6097136,-2.1561,2.2,TDMLA
"ROCHDALE, LANCASHIRE",138503,53.6097136,-2.1561,2.2,TDMLA
"ROCHESTER, KENT",285975,51.38800000000001,0.506721,2.6,STDMA
"ROCHESTER, MEDWAY",236022,51.38800000000001,0.506721,2.6,STDMA
"ROCHFORD, ESSEX",256455,51.582071,0.706515,3.6666666666666665,WSM
"ROMFORD, ESSEX",456698,51.577076,0.178319,2.2,SDMLA
"ROMFORD, GREATER LONDON",289724,51.577076,0.178319,2.2,SDMLA
"ROMNEY MARSH, KENT",228581,50.996993,0.9590754999999999,3.0,S
"ROMSEY, HAMPSHIRE",334906,50.98893,-1.49658,3.0,WA
"ROMSEY, WILTSHIRE",700000,50.98893,-1.49658,3.0,WA
"ROSS-ON-WYE, GLOUCESTERSHIRE",391666,51.9231865,-2.5758657,2.3333333333333335,SMA
"ROSS-ON-WYE, HEREFORDSHIRE",255618,51.91445,-2.582446,2.3333333333333335,SMA
"ROSSENDALE, LANCASHIRE",161451,53.70645099999999,-2.279366,2.3333333333333335,TDL
"ROTHERHAM, SOUTH YORKSHIRE",151252,53.4326035,-1.3635009,2.0,DMLA
"ROWLAND'S CASTLE, HAMPSHIRE",405278,50.892059,-0.959088,1.0,L
"ROWLAND'S CASTLE, WEST SUSSEX",472000,50.892059,-0.959088,1.0,L
"ROWLEY REGIS, WEST MIDLANDS",133610,52.488674,-2.046085,2.0,SDLA
"ROYSTON, CAMBRIDGESHIRE",388779,52.048142,-0.024066,2.0,MA
"ROYSTON, ESSEX",462357,52.048142,-0.024066,2.0,MA
"ROYSTON, HERTFORDSHIRE",309101,52.048142,-0.024066,2.0,MA
"RUGBY, LEICESTERSHIRE",450000,52.6445558,-1.0782105,1.6666666666666667,SLA
"RUGBY, NORTHAMPTONSHIRE",278825,52.2405517,-0.9193948,2.6666666666666665,WSDMLA
"RUGBY, WARWICKSHIRE",216448,52.370878,-1.265032,2.2,STDLA
"RUGELEY, STAFFORDSHIRE",189439,52.761515,-1.935967,2.3333333333333335,TMA
"RUISLIP, GREATER LONDON",433591,51.5758719,-0.421236,2.6666666666666665,WSTDLA
"RUNCORN, CHESHIRE WEST AND CHESTER",219672,53.342078,-2.729673,2.0,DMLA
"RUNCORN, HALTON",139746,53.342078,-2.729673,2.0,DMLA
"RUSHDEN, BEDFORD",210183,52.289125,-0.600363,2.5,WDLA
"RUSHDEN, EAST RIDING OF YORKSHIRE",90000,52.289125,-0.600363,2.5,WDLA
"RUSHDEN, NORTHAMPTONSHIRE",181742,52.289125,-0.600363,2.5,WDLA
"RUTHIN, DENBIGHSHIRE",200963,53.11487349999999,-3.3103108,3.0,T
"RYTON, TYNE AND WEAR",148105,54.9728909,-1.7629735,3.0,SD
"SAFFRON WALDEN, CAMBRIDGESHIRE",442962,52.022593,0.239215,3.0,WTA
"SAFFRON WALDEN, ESSEX",377960,52.022593,0.239215,3.0,WTA
"SALE, GREATER MANCHESTER",251096,53.42556099999999,-2.323702,2.3333333333333335,STA
"SALFORD, GREATER MANCHESTER",149351,53.48752349999999,-2.2901264,2.3333333333333335,STDMLA
"SALISBURY, DORSET",357204,51.068785,-1.794472,2.5,WSLA
"SALISBURY, HAMPSHIRE",423106,51.0604865,-1.8022175,2.5,WSLA
"SALISBURY, WILTSHIRE",288605,51.068785,-1.794472,2.5,WSLA
"SALTASH, CORNWALL",211800,50.40920999999999,-4.21643,3.0,WSL
"SALTBURN-BY-THE-SEA, NORTH YORKSHIRE",194303,54.58156,-0.9751340000000001,3.0,SD
"SALTBURN-BY-THE-SEA, REDCAR AND CLEVELAND",145127,54.58156,-0.9751340000000001,3.0,SD
"SALTBURN-BY-THE-SEA, YORK",185000,54.5835137,-0.9739835,3.0,SD
"SANDBACH, CHESHIRE EAST",213763,53.146561,-2.367382,3.0,WA
"SANDBACH, CHESHIRE WEST AND CHESTER",235000,53.146561,-2.367382,3.0,WA
"SANDHURST, BRACKNELL FOREST",335418,51.3462419,-0.804268,2.3333333333333335,WLA
"SANDOWN, ISLE OF WIGHT",190573,50.6607588,-1.1488128,2.0,MA
"SANDY, BEDFORD",225000,52.128118,-0.286788,3.0,T
"SANDY, CAMBRIDGESHIRE",342190,52.128118,-0.286788,3.0,T
"SANDY, CENTRAL BEDFORDSHIRE",245344,52.128118,-0.286788,3.0,T
"SAWBRIDGEWORTH, ESSEX",242446,51.81554,0.14721,5.0,W
"SAWBRIDGEWORTH, HERTFORDSHIRE",355696,51.81554,0.14721,5.0,W
"SAXMUNDHAM, SUFFOLK",284724,52.215855,1.488056,4.0,WT
"SCARBOROUGH, NORTH YORKSHIRE",158757,54.283113,-0.399752,2.0,STLA
"SCARBOROUGH, YORK",130000,53.9612083,-1.0927712,2.6666666666666665,WSDMLA
"SCUNTHORPE, LINCOLNSHIRE",130000,53.588646,-0.654413,2.0,SDLA
"SCUNTHORPE, NORTH LINCOLNSHIRE",129927,53.588646,-0.654413,2.0,SDLA
"SEAFORD, EAST SUSSEX",287801,50.7734669,0.101108,3.0,M
"SEAHAM, COUNTY DURHAM",135074,54.840346,-1.337517,2.0,DA
"SEAHAM, TYNE AND WEAR",800000,54.840346,-1.337517,2.0,DA
"SEATON, DEVON",250354,50.70531339999999,-3.0718734,3.0,T
"SELBY, NORTH YORKSHIRE",177573,53.78352400000001,-1.067189,2.5,STMA
"SEVENOAKS, GREATER LONDON",588828,51.27241000000001,0.190898,2.6,WSTLA
"SEVENOAKS, KENT",438335,51.27241000000001,0.190898,2.6,WSTLA
"SHAFTESBURY, DORSET",249757,51.0046,-2.198083,3.0,T
"SHAFTESBURY, WILTSHIRE",406907,51.0046,-2.198083,3.0,T
"SHANKLIN, ISLE OF WIGHT",204328,50.63467499999999,-1.175199,1.6666666666666667,MLA
"SHEERNESS, KENT",197208,51.44011,0.764158,2.3333333333333335,TMA
"SHEFFIELD, DERBYSHIRE",162809,53.38112899999999,-1.470085,2.7142857142857144,WSTDMLA
"SHEFFIELD, SOUTH YORKSHIRE",173810,53.38112899999999,-1.470085,2.7142857142857144,WSTDMLA
"SHEFFORD, CENTRAL BEDFORDSHIRE",292033,52.038699,-0.333947,3.0,M
"SHEPPERTON, SURREY",409212,51.389617,-0.4526529999999999,3.6666666666666665,WSM
"SHEPTON MALLET, SOMERSET",227382,51.1909,-2.547886,2.0,TA
"SHERBORNE, DEVON",327000,50.947822,-2.5144829,4.0,WS
"SHERBORNE, DORSET",296768,50.947822,-2.5144829,4.0,WS
"SHERBORNE, SOMERSET",261680,50.947822,-2.5144829,4.0,WS
"SHERINGHAM, NORFOLK",239240,52.94442100000001,1.2109589,3.0,T
"SHIFNAL, SHROPSHIRE",248957,52.66792,-2.3745599,5.0,W
"SHIFNAL, STAFFORDSHIRE",319466,52.66792,-2.3745599,5.0,W
"SHIFNAL, WREKIN",330000,52.66792,-2.3745599,5.0,W
"SHILDON, COUNTY DURHAM",126790,54.63341699999999,-1.654915,2.2,SDMLA
"SHIPLEY, WEST YORKSHIRE",175767,53.835927,-1.776978,2.5,TDMA
"SHOREHAM-BY-SEA, WEST SUSSEX",329353,50.8342086,-0.2715558,1.0,L
"SHREWSBURY, POWYS",246968,52.70730289999999,-2.7553268,2.2,SDMLA
"SHREWSBURY, SHROPSHIRE",222576,52.70730289999999,-2.7553268,2.2,SDMLA
"SIDCUP, GREATER LONDON",327551,51.4264863,0.1009392,2.5,STML
"SIDMOUTH, CITY OF PLYMOUTH",445000,50.67865,-3.23756,3.0,WL
"SIDMOUTH, DEVON",322249,50.67865,-3.23756,3.0,WL
"SITTINGBOURNE, KENT",227955,51.340402,0.7315959999999999,2.2,SDMLA
"SITTINGBOURNE, MEDWAY",346250,51.340402,0.7315959999999999,2.2,SDMLA
"SKEGNESS, LINCOLNSHIRE",151162,53.146403,0.337881,2.0,TMLA
"SKELMERSDALE, LANCASHIRE",143748,53.5503519,-2.77637,2.0,DA
"SKIPTON, LANCASHIRE",304449,53.78836099999999,-2.2451122,2.0,SDLA
"SKIPTON, NORTH YORKSHIRE",229817,53.9628495,-2.0162787,2.3333333333333335,TMA
"SLEAFORD, LINCOLNSHIRE",179034,53.0003079,-0.40965,2.0,STLA
"SLOUGH, BUCKINGHAMSHIRE",466869,51.51053839999999,-0.5950405999999999,3.0,WSTDL
"SLOUGH, SLOUGH",272676,51.51053839999999,-0.5950405999999999,3.0,WSTDL
"SLOUGH, WEST BERKSHIRE",635000,51.52062129999999,-0.624629,2.5,STDL
"SLOUGH, WINDSOR AND MAIDENHEAD",383316,51.522414,-0.7219,3.0,WSTL
"SLOUGH, WOKINGHAM",258750,51.410457,-0.833861,2.6,WTMLA
"SMETHWICK, WEST MIDLANDS",136988,52.492401,-1.965207,2.2,TDMLA
"SOLIHULL, WARWICKSHIRE",448845,52.411811,-1.77761,2.6,WSMLA
"SOLIHULL, WEST MIDLANDS",298001,52.411811,-1.77761,2.6,WSMLA
"SOLIHULL, WORCESTERSHIRE",296410,52.3935171,-1.8219196,2.2,STDLA
"SOUTH CROYDON, GREATER LONDON",369188,51.357428,-0.09825099999999999,2.6666666666666665,WSDMLA
"SOUTH MOLTON, DEVON",225251,51.016818,-3.832119,3.0,S
"SOUTH OCKENDON, THURROCK",237352,51.521164,0.2943529,1.0,L
"SOUTH SHIELDS, TYNE AND WEAR",137405,54.999424,-1.427406,2.2,SDMLA
"SOUTHALL, GREATER LONDON",307595,51.511073,-0.377232,2.0,SL
"SOUTHAM, WARWICKSHIRE",280260,52.2505049,-1.389719,3.0,T
"SOUTHAMPTON, BOURNEMOUTH",267000,50.7159831,-1.876476,2.6666666666666665,WSTDLA
"SOUTHAMPTON, HAMPSHIRE",289496,50.90970040000001,-1.4043509,2.6,WSDLA
"SOUTHAMPTON, SOUTHAMPTON",201427,50.9096565,-1.4044555,2.6,WSDLA
"SOUTHEND-ON-SEA, ESSEX",259808,51.5459269,0.7077123,2.5,WSLA
"SOUTHEND-ON-SEA, SOUTHEND-ON-SEA",235409,51.5455206,0.7075066999999999,2.5,WSLA
"SOUTHPORT, LANCASHIRE",191579,53.645708,-3.010113,2.2,SDMLA
"SOUTHPORT, MERSEYSIDE",182565,53.645708,-3.010113,2.2,SDMLA
"SOUTHSEA, PORTSMOUTH",204145,50.783565,-1.085559,2.7142857142857144,WSTDMLA
"SOWERBY BRIDGE, WEST YORKSHIRE",173671,53.706709,-1.913411,2.3333333333333335,TDL
"SPALDING, CAMBRIDGESHIRE",218750,52.204292,0.1188024,2.6,WSDLA
"SPALDING, LINCOLNSHIRE",170830,52.79010160000001,-0.1537024,2.0,SMLA
"SPENNYMOOR, COUNTY DURHAM",141797,54.69772099999999,-1.58552,1.6666666666666667,DLA
"SPILSBY, LINCOLNSHIRE",185263,53.174675,0.09143989999999999,3.0,S
"ST ALBANS, HERTFORDSHIRE",444949,51.752725,-0.339436,3.0,WSMA
"ST AUSTELL, CORNWALL",198880,50.3403779,-4.7834252,2.0,TDLA
"ST HELENS, LANCASHIRE",291250,53.456307,-2.737095,2.2,TDMLA
"ST HELENS, MERSEYSIDE",141348,53.456307,-2.737095,2.2,TDMLA
"ST HELENS, WARRINGTON",93000,53.456307,-2.737095,2.2,TDMLA
"ST IVES, CAMBRIDGESHIRE",247665,52.3325252,-0.0763979,4.0,WM
"ST IVES, CORNWALL",325665,50.20838579999999,-5.490886400000001,3.0,T
"ST LEONARDS-ON-SEA, EAST SUSSEX",194410,50.85563819999999,0.5525772,2.3333333333333335,DML
"ST NEOTS, BEDFORD",347037,52.2300836,-0.265103,2.3333333333333335,WLA
"ST NEOTS, CAMBRIDGESHIRE",246759,52.2300836,-0.265103,2.3333333333333335,WLA
"ST NEOTS, CENTRAL BEDFORDSHIRE",499995,52.2300836,-0.265103,2.3333333333333335,WLA
"STAFFORD, STAFFORDSHIRE",208512,52.806693,-2.12066,2.0,SDLA
"STAINES, SURREY",278142,51.43148,-0.515525,3.6666666666666665,WST
"STAINES, WINDSOR AND MAIDENHEAD",407499,51.43148,-0.515525,3.6666666666666665,WST
"STAINES-UPON-THAMES, SURREY",323607,51.43148,-0.515525,3.6666666666666665,WST
"STAINES-UPON-THAMES, WINDSOR AND MAIDENHEAD",518737,51.43148,-0.515525,3.6666666666666665,WST
"STALYBRIDGE, GREATER MANCHESTER",158528,53.48380599999999,-2.0500759,2.2,TDMLA
"STAMFORD, CITY OF PETERBOROUGH",431549,52.65128199999999,-0.4802159999999999,3.0,WSML
"STAMFORD, LINCOLNSHIRE",256995,52.65128199999999,-0.4802159999999999,3.0,WSML
"STAMFORD, NORTHAMPTONSHIRE",307114,52.65128199999999,-0.4802159999999999,3.0,WSML
"STAMFORD, RUTLAND",310193,52.65128199999999,-0.4802159999999999,3.0,WSML
"STANFORD-LE-HOPE, ESSEX",443125,51.514121,0.42854,3.0,M
"STANFORD-LE-HOPE, SOUTHEND-ON-SEA",164000,51.514121,0.42854,3.0,M
"STANFORD-LE-HOPE, THURROCK",262782,51.514121,0.42854,3.0,M
"STANLEY, COUNTY DURHAM",123453,54.868948,-1.698841,3.0,TD
"STANLEY, WEST YORKSHIRE",216600,53.71379,-1.479254,2.3333333333333335,SMA
"STANMORE, GREATER LONDON",480707,51.616419,-0.319686,3.0,WSTDML
"STANMORE, HERTFORDSHIRE",663000,51.616419,-0.319686,3.0,WSTDML
"STANSTED, ESSEX",356806,51.8979858,0.1979531,5.0,W
"STEVENAGE, HERTFORDSHIRE",255856,51.903761,-0.196612,2.5,STDA
"STOCKPORT, CHESHIRE EAST",274944,53.348654,-2.121572,3.0,WDMA
"STOCKPORT, GREATER MANCHESTER",207473,53.41063159999999,-2.1575332,2.2,SDMLA
"STOCKTON-ON-TEES, COUNTY DURHAM",174010,54.5704551,-1.3289821,2.0,SDLA
"STOCKTON-ON-TEES, DARLINGTON",247098,54.52361,-1.559458,2.2,SDMLA
"STOCKTON-ON-TEES, MIDDLESBROUGH",430500,54.574227,-1.234956,2.2,SDMLA
"STOCKTON-ON-TEES, REDCAR AND CLEVELAND",140000,54.5704551,-1.3289821,2.0,SDLA
"STOCKTON-ON-TEES, STOCKTON-ON-TEES",157260,54.5704551,-1.3289821,2.0,SDLA
"STOKE-ON-TRENT, CHESHIRE EAST",203537,53.002668,-2.179404,2.3333333333333335,STDMLA
"STOKE-ON-TRENT, CHESHIRE WEST AND CHESTER",200000,53.2564316,-2.8658669,3.0,SD
"STOKE-ON-TRENT, STAFFORDSHIRE",173316,53.002668,-2.179404,2.3333333333333335,STDMLA
"STOKE-ON-TRENT, STOKE-ON-TRENT",124411,53.002668,-2.179404,2.3333333333333335,STDMLA
"STONE, KENT",332833,51.4464128,0.2640024,2.0,SDLA
"STONE, STAFFORDSHIRE",212659,52.907932,-2.144045,2.0,MA
"STONE, STOKE-ON-TRENT",420000,52.907932,-2.144045,2.0,MA
"STONEHOUSE, GLOUCESTERSHIRE",239475,51.74388099999999,-2.279028,3.0,S
"STONEHOUSE, GREATER MANCHESTER",321995,53.48028919999999,-2.2398078,2.3333333333333335,STDMLA
"STOURBRIDGE, STAFFORDSHIRE",294883,52.456891,-2.148731,2.6,WSDLA
"STOURBRIDGE, WEST MIDLANDS",191162,52.456891,-2.148731,2.6,WSDLA
"STOURBRIDGE, WORCESTERSHIRE",344670,52.456891,-2.148731,2.6,WSDLA
"STOURPORT-ON-SEVERN, WORCESTERSHIRE",186246,52.3417839,-2.277593,1.0,L
"STOWMARKET, NORFOLK",179000,52.188902,0.9977119999999999,2.3333333333333335,TDL
"STOWMARKET, SUFFOLK",229526,52.188902,0.9977119999999999,2.3333333333333335,TDL
"STRATFORD-UPON-AVON, WARWICKSHIRE",321951,52.19173,-1.708298,2.6,WTMLA
"STRATFORD-UPON-AVON, WEST MIDLANDS",229995,52.1896804,-1.7008935,2.6,WTMLA
"STRATFORD-UPON-AVON, WORCESTERSHIRE",413009,52.19173,-1.708298,2.6,WTMLA
"STREET, SOMERSET",207436,51.124679,-2.742919,2.2,STMLA
"STROUD, GLOUCESTERSHIRE",278722,51.745734,-2.217758,3.0,WSTA
"STROUD, SOUTH GLOUCESTERSHIRE",245000,51.7491138,-2.2287571,3.0,WSTA
"STUDLEY, WARWICKSHIRE",228774,52.270696,-1.893509,2.0,MA
"STUDLEY, WORCESTERSHIRE",309785,52.270696,-1.893509,2.0,MA
"SUDBURY, ESSEX",371843,52.041047,0.726706,3.0,WSTA
"SUDBURY, SUFFOLK",257730,52.041047,0.726706,3.0,WSTA
"SUNBURY-ON-THAMES, SURREY",387753,51.4191935,-0.4191503,2.6666666666666665,WSTDLA
"SUNDERLAND, TYNE AND WEAR",144613,54.906869,-1.383801,2.0,SDLA
"SURBITON, GREATER LONDON",438991,51.39400999999999,-0.302662,2.6,WSDLA
"SURBITON, SURREY",647041,51.39400999999999,-0.302662,2.6,WSDLA
"SUTTON COLDFIELD, STAFFORDSHIRE",572944,52.57038499999999,-1.824042,3.0,WSA
"SUTTON COLDFIELD, WARWICKSHIRE",320703,52.57038499999999,-1.824042,3.0,WSA
"SUTTON COLDFIELD, WEST MIDLANDS",269573,52.57038499999999,-1.824042,3.0,WSA
"SUTTON, GREATER LONDON",343706,51.3614279,-0.193961,3.0,WSDML
"SUTTON, SURREY",734844,51.3614279,-0.193961,3.0,WSDML
"SUTTON-IN-ASHFIELD, NOTTINGHAMSHIRE",130860,53.126933,-1.262504,2.0,DMLA
"SWADLINCOTE, DERBYSHIRE",160898,52.771318,-1.554997,2.0,SMLA
"SWADLINCOTE, LEICESTER",140000,52.7700523,-1.5509161,2.0,SMLA
"SWADLINCOTE, LEICESTERSHIRE",197304,52.771318,-1.554997,2.0,SMLA
"SWADLINCOTE, NORTHAMPTONSHIRE",330000,52.27299439999999,-0.8755514999999999,3.0,WDMA
"SWAFFHAM, NORFOLK",193137,52.64746599999999,0.687481,3.0,D
"SWANLEY, GREATER LONDON",366125,51.396531,0.177326,2.0,DA
"SWANLEY, KENT",276475,51.396531,0.177326,2.0,DA
"SWANSCOMBE, KENT",269071,51.4452254,0.3031822,3.0,SD
"SWANSEA, CARMARTHENSHIRE",153122,51.62144,-3.943645999999999,2.2,STMLA
"SWANSEA, NEATH PORT TALBOT",142777,51.62144,-3.943645999999999,2.2,STMLA
"SWANSEA, NEWPORT",269995,51.61999900000001,-3.938137,2.2,STMLA
"SWANSEA, RHONDDA CYNON TAFF",153995,51.62144,-3.943645999999999,2.2,STMLA
"SWANSEA, SWANSEA",164287,51.62144,-3.943645999999999,2.2,STMLA
"SWINDON, GLOUCESTERSHIRE",310666,51.922814,-2.096331,2.6,WSTLA
"SWINDON, OXFORDSHIRE",336601,51.560679,-1.81738,2.6666666666666665,WSDMLA
"SWINDON, SWINDON",202681,51.55577390000001,-1.7797176,2.6,WSDLA
"SWINDON, WILTSHIRE",265773,51.55577390000001,-1.7797176,2.6,WSDLA
"TADCASTER, NORTH YORKSHIRE",245156,53.883551,-1.260889,3.0,S
"TADCASTER, WEST YORKSHIRE",340000,53.883551,-1.260889,3.0,S
"TADCASTER, YORK",215000,53.883551,-1.260889,3.0,S
"TADLEY, HAMPSHIRE",320687,51.343801,-1.132169,3.0,S
"TADLEY, WEST BERKSHIRE",266712,51.343801,-1.132169,3.0,S
"TADWORTH, SURREY",461459,51.2914048,-0.2363114,4.0,WD
"TAMWORTH, STAFFORDSHIRE",182444,52.633584,-1.691032,2.2,SDMLA
"TAMWORTH, WARWICKSHIRE",177700,52.633584,-1.691032,2.2,SDMLA
"TAUNTON, BATH AND NORTH EAST SOMERSET",272055,51.015344,-3.106849,2.3333333333333335,STDMLA
"TAUNTON, CORNWALL",85000,50.9915843,-3.0935959,2.6,STDML
"TAUNTON, DEVON",429333,51.015344,-3.106849,2.3333333333333335,STDMLA
"TAUNTON, SOMERSET",232888,51.015344,-3.106849,2.3333333333333335,STDMLA
"TAVISTOCK, DEVON",250275,50.5511229,-4.141654,2.0,ML
"TEDDINGTON, GREATER LONDON",541688,51.426799,-0.331342,2.6,WSDLA
"TEIGNMOUTH, DEVON",256483,50.54703300000001,-3.496688,2.0,ML
"TELFORD, SHROPSHIRE",241175,52.6775873,-2.4672611,2.2,SDMLA
"TENBY, PEMBROKESHIRE",227111,51.672738,-4.703579,3.0,S
"TENTERDEN, KENT",359309,51.069358,0.689122,4.0,WT
"TETBURY, GLOUCESTERSHIRE",330175,51.639295,-2.15818,3.0,T
"TETBURY, WILTSHIRE",925000,51.639295,-2.15818,3.0,T
"TEWKESBURY, GLOUCESTERSHIRE",212059,51.992265,-2.15796,2.0,MA
"TEWKESBURY, WORCESTERSHIRE",343073,51.992265,-2.15796,2.0,MA
"THAME, BUCKINGHAMSHIRE",749983,51.746997,-0.9741879999999999,4.0,WS
"THAME, OXFORDSHIRE",374692,51.746997,-0.9741879999999999,4.0,WS
"THAMES DITTON, SURREY",562177,51.389686,-0.339189,3.6666666666666665,WST
"THATCHAM, HAMPSHIRE",493439,51.3668588,-1.2716171,5.0,W
"THATCHAM, WEST BERKSHIRE",309052,51.40580500000001,-1.266468,4.0,WT
"THETFORD, NORFOLK",192657,52.412856,0.751657,2.0,STLA
"THETFORD, SUFFOLK",261903,52.412856,0.751657,2.0,STLA
"THIRSK, NORTH YORKSHIRE",236559,54.233849,-1.341377,1.6666666666666667,TLA
"THIRSK, YORK",207500,54.2280503,-1.3750142,1.6666666666666667,TLA
"THORNTON HEATH, GREATER LONDON",283235,51.396747,-0.105523,2.6666666666666665,WSTDLA
"THORNTON-CLEVELEYS, BLACKPOOL",122744,53.8175053,-3.0356748,2.0,SDLA
"THORNTON-CLEVELEYS, LANCASHIRE",143364,53.873712,-3.0213709,1.6666666666666667,MLA
"TIDWORTH, HAMPSHIRE",244421,51.24144889999999,-1.6644823,2.0,TL
"TIDWORTH, WILTSHIRE",190443,51.24144889999999,-1.6644823,2.0,TL
"TILBURY, THURROCK",194013,51.463024,0.360498,2.0,DMLA
"TIPTON, WEST MIDLANDS",128098,52.52625,-2.066058,1.6666666666666667,DLA
"TIVERTON, DEVON",227547,50.902049,-3.491207,3.0,TM
"TIVERTON, SOMERSET",165000,50.902049,-3.491207,3.0,TM
"TODMORDEN, GREATER MANCHESTER",258500,53.71387379999999,-2.0993561,2.0,ML
"TODMORDEN, WEST YORKSHIRE",152907,53.716344,-2.0987969,2.0,ML
"TONBRIDGE, KENT",355268,51.195043,0.27568,3.0,WSL
"TONYPANDY, RHONDDA CYNON TAFF",97236,51.62435199999999,-3.458067,1.6666666666666667,DLA
"TORPOINT, CORNWALL",211522,50.37529,-4.194344,1.6666666666666667,SLA
"TORQUAY, CITY OF PLYMOUTH",182000,50.4619209,-3.525315,2.3333333333333335,SDL
"TORQUAY, DEVON",474208,50.4619209,-3.525315,2.3333333333333335,SDL
"TORQUAY, TORBAY",199452,50.4619209,-3.525315,2.3333333333333335,SDL
"TORRINGTON, DEVON",198529,50.9546459,-4.135998,1.0,L
"TOTNES, DEVON",306447,50.433741,-3.685797,3.0,M
"TOTNES, TORBAY",300000,50.433741,-3.685797,3.0,M
"TOWCESTER, NORTHAMPTONSHIRE",307380,52.135107,-0.9896879999999999,3.0,WTA
"TREDEGAR, BLAENAU GWENT",125299,51.772619,-3.246775,2.0,TMLA
"TREORCHY, CARDIFF",62000,51.6622181,-3.5110418,1.0,L
"TREORCHY, RHONDDA CYNON TAFF",98247,51.659719,-3.506101,1.0,L
"TRING, BUCKINGHAMSHIRE",547288,51.79607799999999,-0.655879,3.0,T
"TRING, HEREFORDSHIRE",780000,51.79607799999999,-0.655879,3.0,T
"TRING, HERTFORDSHIRE",417920,51.79607799999999,-0.655879,3.0,T
"TROWBRIDGE, BATH AND NORTH EAST SOMERSET",147000,51.319664,-2.208853,1.6666666666666667,DLA
"TROWBRIDGE, CORNWALL",147000,51.319664,-2.208853,1.6666666666666667,DLA
"TROWBRIDGE, WILTSHIRE",215886,51.319664,-2.208853,1.6666666666666667,DLA
"TRURO, CORNWALL",269266,50.263195,-5.051041,3.0,WSTA
"TUNBRIDGE WELLS, EAST SUSSEX",446577,51.132377,0.263695,3.0,SD
"TUNBRIDGE WELLS, KENT",352560,51.132377,0.263695,3.0,SD
"TWICKENHAM, GREATER LONDON",508797,51.44458100000001,-0.335246,3.0,WSDL
"TYN-Y-GONGL, DENBIGHSHIRE",195000,53.1842288,-3.4224985,1.6666666666666667,MLA
"UCKFIELD, EAST SUSSEX",353842,50.966414,0.09591300000000001,4.0,WT
"UPMINSTER, ESSEX",340000,51.5556683,0.245744,2.6,WSTLA
"UPMINSTER, GREATER LONDON",433916,51.55591399999999,0.248894,2.6,WSTLA
"UPMINSTER, THURROCK",510141,51.55591399999999,0.248894,2.6,WSTLA
"UTTOXETER, DERBYSHIRE",336500,52.89811599999999,-1.865801,3.0,WTDL
"UTTOXETER, STAFFORDSHIRE",200606,52.89811599999999,-1.865801,3.0,WTDL
"UXBRIDGE, BUCKINGHAMSHIRE",438502,51.5485,-0.479611,1.6666666666666667,SLA
"UXBRIDGE, GREATER LONDON",392060,51.5485,-0.479611,1.6666666666666667,SLA
"VERWOOD, DORSET",307275,50.8789783,-1.8654487,3.0,M
"WADEBRIDGE, CORNWALL",305364,50.516654,-4.836456,1.6666666666666667,TLA
"WAKEFIELD, WEST YORKSHIRE",172682,53.683298,-1.505924,2.5,SDMA
"WALLASEY, MERSEYSIDE",136458,53.426521,-3.066215,2.0,DMLA
"WALLINGFORD, OXFORDSHIRE",361185,51.5974177,-1.1335613,3.0,WL
"WALLINGTON, GREATER LONDON",332500,51.363978,-0.151845,2.5,SDML
"WALLSEND, TYNE AND WEAR",124929,54.991512,-1.529375,2.2,SDMLA
"WALSALL, STAFFORDSHIRE",191616,52.586214,-1.982919,2.5,SDML
"WALSALL, WEST MIDLANDS",160371,52.586214,-1.982919,2.5,SDML
"WALTHAM ABBEY, ESSEX",315791,51.685034,0.002723,2.3333333333333335,STL
"WALTHAM ABBEY, HERTFORDSHIRE",465444,51.68584389999999,-0.0330964,2.0,STLA
"WALTHAM CROSS, GREATER LONDON",273426,51.68584389999999,-0.0330964,2.0,STLA
"WALTHAM CROSS, HERTFORDSHIRE",311077,51.68584389999999,-0.0330964,2.0,STLA
"WALTON ON THE NAZE, ESSEX",188829,51.848186,1.267736,1.0,A
"WALTON-ON-THAMES, SURREY",421554,51.38847,-0.416969,3.0,WSML
"WANTAGE, OXFORDSHIRE",315966,51.588868,-1.426453,4.0,WS
"WANTAGE, WEST BERKSHIRE",497714,51.588868,-1.426453,4.0,WS
"WARE, HERTFORDSHIRE",345401,51.810437,-0.028177,3.0,TD
"WAREHAM, DORSET",313059,50.687817,-2.110981,3.0,S
"WARLINGHAM, GREATER LONDON",482187,51.3093239,-0.055901,4.0,WS
"WARLINGHAM, SURREY",427952,51.3093239,-0.055901,4.0,WS
"WARMINSTER, WILTSHIRE",244972,51.204629,-2.181078,3.0,WML
"WARRINGTON, CHESHIRE WEST AND CHESTER",394681,53.3900441,-2.5969501,2.2,SDMLA
"WARRINGTON, GREATER MANCHESTER",151094,53.3900441,-2.5969501,2.2,SDMLA
"WARRINGTON, HALTON",308955,53.3232513,-2.6946861,1.6666666666666667,DLA
"WARRINGTON, MERSEYSIDE",269333,53.3900441,-2.5969501,2.2,SDMLA
"WARRINGTON, WARRINGTON",187097,53.3900441,-2.5969501,2.2,SDMLA
"WARWICK, WARWICKSHIRE",309211,52.28231599999999,-1.584927,2.2,STMLA
"WASHINGTON, COUNTY DURHAM",328987,54.89743199999999,-1.517366,2.0,SDLA
"WASHINGTON, TYNE AND WEAR",155150,54.89743199999999,-1.517366,2.0,SDLA
"WATERLOOVILLE, HAMPSHIRE",269736,50.89031199999999,-1.028751,3.0,WSDML
"WATERLOOVILLE, PORTSMOUTH",256392,50.89031199999999,-1.028751,3.0,WSDML
"WATERLOOVILLE, SOUTHAMPTON",250000,50.878273,-1.0315033,3.0,WSDL
"WATFORD, HERTFORDSHIRE",339735,51.656489,-0.39032,2.2,SDMLA
"WEDNESBURY, WEST MIDLANDS",118022,52.552888,-2.02208,2.2,TDMLA
"WELLING, GREATER LONDON",320367,51.4622529,0.109744,2.6,STDML
"WELLINGBOROUGH, BEDFORD",348710,52.302419,-0.6939639999999999,2.2,STMLA
"WELLINGBOROUGH, NORTHAMPTONSHIRE",178171,52.302419,-0.6939639999999999,2.2,STMLA
"WELLINGTON, BATH AND NORTH EAST SOMERSET",185000,50.978564,-3.2244989,4.0,WD
"WELLINGTON, DEVON",369980,50.978564,-3.2244989,4.0,WD
"WELLINGTON, NORTH SOMERSET",188000,50.978564,-3.2244989,4.0,WD
"WELLINGTON, SOMERSET",213420,50.978564,-3.2244989,4.0,WD
"WELLS, SOMERSET",276094,51.209347,-2.6445979,3.0,WTML
"WELSHPOOL, POWYS",188107,52.660348,-3.146407,2.5,STMA
"WELSHPOOL, SHROPSHIRE",244263,52.660348,-3.146407,2.5,STMA
"WELWYN GARDEN CITY, HERTFORDSHIRE",323781,51.8031689,-0.208661,2.6,WSMLA
"WELWYN, HERTFORDSHIRE",535842,51.832802,-0.212348,3.0,WSA
"WEMBLEY, GREATER LONDON",369183,51.550501,-0.3048409,2.5,STDL
"WEST BROMWICH, STAFFORDSHIRE",90000,52.517664,-1.995159,2.2,SDMLA
"WEST BROMWICH, WEST MIDLANDS",139176,52.517664,-1.995159,2.2,SDMLA
"WEST BYFLEET, SURREY",380451,51.337352,-0.503315,3.0,WDL
"WEST DRAYTON, GREATER LONDON",303619,51.502985,-0.4654099999999999,2.6,WDMLA
"WEST MALLING, KENT",387479,51.2944249,0.408784,3.0,DM
"WEST MOLESEY, SURREY",387668,51.400766,-0.3562949,3.6666666666666665,WST
"WEST WICKHAM, GREATER LONDON",485193,51.375798,-0.014861,3.0,WSTL
"WESTBURY, SWINDON",200000,51.590616,-1.7846443,2.2,SDMLA
"WESTBURY, WILTSHIRE",216916,51.256659,-2.185772,1.6666666666666667,MLA
"WESTCLIFF-ON-SEA, SOUTHEND-ON-SEA",227569,51.53587899999999,0.696966,2.5,WSLA
"WESTGATE-ON-SEA, KENT",208445,51.382807,1.334003,3.0,M
"WESTON-SUPER-MARE, BATH AND NORTH EAST SOMERSET",179500,51.34740499999999,-2.977255,2.6,WTDLA
"WESTON-SUPER-MARE, NORTH SOMERSET",186929,51.34740499999999,-2.977255,2.6,WTDLA
"WESTON-SUPER-MARE, SOMERSET",348652,51.34740499999999,-2.977255,2.6,WTDLA
"WETHERBY, NORTH YORKSHIRE",365705,53.92705600000001,-1.384816,2.0,MA
"WETHERBY, WEST YORKSHIRE",312927,53.92705600000001,-1.384816,2.0,MA
"WEYBRIDGE, SURREY",480206,51.3716269,-0.457904,3.0,WSML
"WEYMOUTH, DORSET",233284,50.6144279,-2.457621,2.2,SDMLA
"WHITBY, NORTH YORKSHIRE",199570,54.486335,-0.613347,1.6666666666666667,SLA
"WHITBY, YORK",201250,53.9705582,-1.04969,2.6666666666666665,WSDMLA
"WHITCHURCH, CHESHIRE EAST",381108,52.968716,-2.682045,2.3333333333333335,STL
"WHITCHURCH, CHESHIRE WEST AND CHESTER",429461,52.968716,-2.682045,2.3333333333333335,STL
"WHITCHURCH, SHROPSHIRE",199058,52.968716,-2.682045,2.3333333333333335,STL
"WHITCHURCH, WREXHAM",262715,52.967875,-2.708929,2.3333333333333335,STL
"WHITEHAVEN, CUMBRIA",146905,54.549699,-3.589233,2.2,TDMLA
"WHITLEY BAY, NORTHUMBERLAND",158353,55.0644615,-1.4614378,2.5,STMA
"WHITLEY BAY, TYNE AND WEAR",223846,55.046389,-1.4512989,2.5,STMA
"WHITSTABLE, KENT",304566,51.361047,1.024256,2.0,SA
"WHYTELEAFE, GREATER LONDON",415423,51.3017577,-0.079251,3.5,WSTM
"WHYTELEAFE, SURREY",273420,51.3017577,-0.079251,3.5,WSTM
"WICKFORD, ESSEX",277266,51.611309,0.52068,2.0,SA
"WIDNES, CHESHIRE EAST",202566,53.361024,-2.733637,2.3333333333333335,DMA
"WIDNES, CHESHIRE WEST AND CHESTER",130000,53.361024,-2.733637,2.3333333333333335,DMA
"WIDNES, HALTON",166409,53.361024,-2.733637,2.3333333333333335,DMA
"WIDNES, MERSEYSIDE",221030,53.361024,-2.733637,2.3333333333333335,DMA
"WIGAN, GREATER MANCHESTER",145634,53.5450645,-2.6325074,2.2,SDMLA
"WIGAN, LANCASHIRE",259038,53.5450645,-2.6325074,2.2,SDMLA
"WIGAN, MERSEYSIDE",155055,53.5450645,-2.6325074,2.2,SDMLA
"WIGSTON, LEICESTER",154232,52.5863179,-1.1063539,2.6,WSDLA
"WIGSTON, LEICESTERSHIRE",166503,52.5863179,-1.1063539,2.6,WSDLA
"WIGTON, CUMBRIA",162418,54.825544,-3.161231,1.0,L
"WILLENHALL, WEST MIDLANDS",134790,52.585017,-2.057635,2.3333333333333335,STDMLA
"WILMSLOW, CHESHIRE EAST",335514,53.328,-2.229409,3.0,WSML
"WILMSLOW, CHESHIRE WEST AND CHESTER",182250,53.328,-2.229409,3.0,WSML
"WILMSLOW, MERSEYSIDE",735000,53.328,-2.229409,3.0,WSML
"WIMBORNE, DORSET",337975,50.8004646,-1.9830004,5.0,W
"WIMBORNE, POOLE",358134,50.8004646,-1.9830004,5.0,W
"WINCANTON, SOMERSET",218981,51.055688,-2.416007,2.0,ML
"WINCHESTER, HAMPSHIRE",424702,51.059771,-1.310142,3.0,WSA
"WINDLESHAM, SURREY",515472,51.36456099999999,-0.665847,5.0,W
"WINDSOR, BRACKNELL FOREST",597590,51.4153828,-0.7536495,3.0,WSTMA
"WINDSOR, BUCKINGHAMSHIRE",644500,51.4817279,-0.613576,3.6666666666666665,WTD
"WINDSOR, SLOUGH",330000,51.5085281,-0.6139331,3.0,WSTDL
"WINDSOR, SURREY",775000,51.4817279,-0.613576,3.6666666666666665,WTD
"WINDSOR, WINDSOR AND MAIDENHEAD",441837,51.4817279,-0.613576,3.6666666666666665,WTD
"WINSCOMBE, BATH AND NORTH EAST SOMERSET",380000,51.4149221,-2.5096937,2.5,WTLA
"WINSFORD, CHESHIRE EAST",416558,53.19426199999999,-2.51967,2.3333333333333335,DMA
"WINSFORD, CHESHIRE WEST AND CHESTER",154605,53.19426199999999,-2.51967,2.3333333333333335,DMA
"WINSFORD, HALTON",137000,53.33172099999999,-2.695822,1.6666666666666667,DLA
"WIRRAL, CHESHIRE WEST AND CHESTER",231475,53.264958,-2.934265,2.5,SDMA
"WIRRAL, MERSEYSIDE",201042,53.3727181,-3.073754,2.0,SDLA
"WISBECH, CAMBRIDGESHIRE",163764,52.666317,0.158797,2.0,DMLA
"WISBECH, LINCOLNSHIRE",203990,52.65317599999999,0.09714199999999999,1.0,L
"WISBECH, NORFOLK",189857,52.666317,0.158797,2.0,DMLA
"WITHAM, ESSEX",239459,51.7978049,0.6372179,2.2,TDMLA
"WITHERNSEA, EAST RIDING OF YORKSHIRE",111088,53.73125599999999,0.032889,1.0,A
"WITNEY, OXFORDSHIRE",322655,51.7859365,-1.4850544,3.0,WSL
"WOKING, SURREY",399668,51.316774,-0.5600349,3.5,WSDM
"WOKINGHAM, BRACKNELL FOREST",595000,51.41604,-0.75398,3.0,WSTMA
"WOKINGHAM, WINDSOR AND MAIDENHEAD",680000,51.410457,-0.833861,2.6,WTMLA
"WOKINGHAM, WOKINGHAM",412889,51.410457,-0.833861,2.6,WTMLA
"WOLVERHAMPTON, SHROPSHIRE",268253,52.586973,-2.12882,2.6,WSDLA
"WOLVERHAMPTON, STAFFORDSHIRE",221944,52.586973,-2.12882,2.6,WSDLA
"WOLVERHAMPTON, STOKE-ON-TRENT",319495,53.0099321,-2.1563771,2.3333333333333335,STDMLA
"WOLVERHAMPTON, WEST MIDLANDS",155609,52.586973,-2.12882,2.6,WSDLA
"WOODBRIDGE, SUFFOLK",303359,52.095481,1.312571,5.0,W
"WOODFORD GREEN, ESSEX",452994,51.6092549,0.0405521,3.0,WSTL
"WOODFORD GREEN, GREATER LONDON",444846,51.6092549,0.0405521,3.0,WSTL
"WORCESTER PARK, GREATER LONDON",412786,51.38029,-0.24468,2.6,WSDLA
"WORCESTER PARK, SURREY",488499,51.38029,-0.24468,2.6,WSDLA
"WORCESTER, HEREFORDSHIRE",292632,52.173967,-2.234448,2.6666666666666665,WSTDLA
"WORCESTER, WORCESTERSHIRE",229748,52.193636,-2.221575,2.6666666666666665,WSTDLA
"WORKINGTON, CUMBRIA",146948,54.643569,-3.542752,2.5,TDMA
"WORKSOP, NOTTINGHAMSHIRE",142027,53.309302,-1.122745,2.6,STDMA
"WORKSOP, SOUTH YORKSHIRE",236862,53.309302,-1.122745,2.6,STDMA
"WORTHING, WEST SUSSEX",271755,50.81787,-0.372882,3.0,WSML
"WREXHAM, DENBIGHSHIRE",196545,53.04304,-2.992494,2.2,SDMLA
"WREXHAM, SHROPSHIRE",159730,52.7063657,-2.7417849,2.2,SDMLA
"WREXHAM, WREXHAM",161628,53.04304,-2.992494,2.2,SDMLA
"WYLAM, NORTHUMBERLAND",267918,54.97812,-1.827212,3.0,T
"WYLAM, TYNE AND WEAR",256923,54.97812,-1.827212,3.0,T
"WYMONDHAM, NORFOLK",244400,52.569354,1.115305,3.0,WML
"YARM, NORTH YORKSHIRE",333594,54.504523,-1.354759,2.3333333333333335,STA
"YARM, REDCAR AND CLEVELAND",98000,54.59713439999999,-1.0775997,2.5,TDMA
"YARM, STOCKTON-ON-TEES",239801,54.504523,-1.354759,2.3333333333333335,STA
"YARM, YORK",152000,54.5080855,-1.3536336,2.3333333333333335,STA
"YATELEY, HAMPSHIRE",353962,51.3426285,-0.8262729,2.3333333333333335,WLA
"YEOVIL, DORSET",285935,50.942061,-2.633308,2.3333333333333335,DML
"YEOVIL, SOMERSET",203695,50.942061,-2.633308,2.3333333333333335,DML
"YORK, NORTH YORKSHIRE",296760,53.95996510000001,-1.0872979,2.6666666666666665,WSDMLA
"YORK, YORK",239565,53.95996510000001,-1.0872979,2.6666666666666665,WSDMLA
